SUID,AverageShortestPathLength,BetweennessCentrality,ClosenessCentrality,ClusteringCoefficient,confidence,Degree,Eccentricity,IsSingleNode,kingdom,name,NeighborhoodConnectivity,Node_Status,NumberOfDirectedEdges,NumberOfUndirectedEdges,NumChildren,NumDescendents,PartnerOfMultiEdgedNodePairs,Radiality,selected,SelfLoops,shared name,Stress,taxonomy,TopologicalCoefficient
847,6.15789474,0,0.16239316,0,0.970987006,1,10,FALSE,Fungi,ea1fdba2b396b648eba6d54c0131d42f,4,Clustered,1,0,,,0,0.53110048,FALSE,0,ea1fdba2b396b648eba6d54c0131d42f,0,k__Fungi;p__Ascomycota;c__Sordariomycetes;o__Xylariales;f__Microdochiaceae;g__Idriella;s__Idriella_lunata,0
955,6.37280702,0,0.15691672,0,0.990680875,1,10,FALSE,Fungi,1a491be0ce405766c6e502edf1c326ad,3,Clustered,1,0,,,0,0.511563,FALSE,0,1a491be0ce405766c6e502edf1c326ad,0,k__Fungi;p__Ascomycota;c__Sordariomycetes;o__Hypocreales,0
956,5.37719298,0.01563742,0.18597064,0,0.983723721,3,9,FALSE,Fungi,257017ae5c0a050942341c93b36a1038,2.66666667,Clustered,3,0,,,0,0.60207337,FALSE,0,257017ae5c0a050942341c93b36a1038,1370,k__Fungi;p__Ascomycota;c__Leotiomycetes;o__Helotiales;f__Helotiaceae;g__Tetracladium;s__Tetracladium_furcatum,0.33333333
1472,5.12280702,0.0049133,0.19520548,0,0.999995713,2,8,FALSE,Fungi,2a3c30645555faae23cc86e0ec21234a,4,,2,0,,,0,0.62519936,FALSE,0,2a3c30645555faae23cc86e0ec21234a,486,k__Fungi;p__Basidiomycota;c__Malasseziomycetes;o__Malasseziales;f__Malasseziaceae;g__Malassezia;s__Malassezia_restricta,0.5
1025,5.35964912,0,0.18657938,0,0.999977189,1,9,FALSE,Fungi,2b474c4730aa7f65f673ffd6a53befb5,7,Clustered,1,0,,,0,0.60366826,FALSE,0,2b474c4730aa7f65f673ffd6a53befb5,0,k__Fungi;p__Ascomycota;c__Sordariomycetes;o__Sordariales;f__Sordariales_fam_Incertae_sedis;g__Staphylotrichum;s__Staphylotrichum_coccosporum,0
846,4.92982456,0.03107549,0.20284698,0,0.995523305,4,8,FALSE,Fungi,db6aee4b36483b160142ec74960d8097,3,Clustered,4,0,,,0,0.64274322,FALSE,0,db6aee4b36483b160142ec74960d8097,2522,k__Fungi;p__Ascomycota;c__Sordariomycetes;o__Hypocreales;f__Bionectriaceae;g__Clonostachys;s__Clonostachys_rosea,0.25
925,5.9254386,0,0.16876388,0,0.996394097,1,9,FALSE,Fungi,fc5f0d33f5d16dada8945615c54220b9,4,Clustered,1,0,,,0,0.55223285,FALSE,0,fc5f0d33f5d16dada8945615c54220b9,0,k__Fungi;p__Ascomycota;c__Sordariomycetes;o__Sordariales;f__Chaetomiaceae,0
1020,4.28070175,0.02947208,0.23360656,0,0.99671204,4,7,FALSE,Fungi,8b5e02e9cfe8c8adc32806a4fba2125b,4,Clustered,4,0,,,0,0.70175439,FALSE,0,8b5e02e9cfe8c8adc32806a4fba2125b,3188,k__Fungi;p__Ascomycota;c__Dothideomycetes;o__Capnodiales;f__Capnodiaceae;g__unidentified;s__unidentified,0.25
874,5.1754386,0.01558702,0.19322034,0,0.778524583,2,9,FALSE,Fungi,883303246001af6a4d701ba1c7b4abf3,5.5,Clustered,2,0,,,0,0.62041467,FALSE,0,883303246001af6a4d701ba1c7b4abf3,1482,k__Fungi;p__Basidiomycota;c__Agaricomycetes;o__Boletales;f__Coniophoraceae;g__Coniophora,0.5
849,4.69298246,0.01666514,0.21308411,0,0.996566285,3,8,FALSE,Fungi,5143a16f7304a67659163b53236ae755,5,Clustered,3,0,,,0,0.66427432,FALSE,0,5143a16f7304a67659163b53236ae755,1618,k__Fungi;p__Mortierellomycota;c__Mortierellomycetes;o__Mortierellales;f__Mortierellaceae;g__Mortierella;s__Mortierella_alpina,0.33333333
858,5.21491228,0.00515996,0.19175778,0.33333333,0.998899328,3,9,FALSE,Fungi,b68738727f7a1c9e241b1534268b0546,4,Clustered,3,0,,,0,0.61682616,FALSE,0,b68738727f7a1c9e241b1534268b0546,568,k__Fungi;p__Ascomycota;c__Sordariomycetes;o__Magnaporthales;f__Magnaporthaceae;g__Gaeumannomyces;s__Gaeumannomyces_radicicola,0.40740741
1033,5.10526316,0.0050526,0.19587629,0.33333333,0.789660208,3,9,FALSE,Fungi,8a2c398df64579afcbd41ab900f5b3cf,4,Clustered,3,0,,,0,0.62679426,FALSE,0,8a2c398df64579afcbd41ab900f5b3cf,518,k__Fungi;p__Ascomycota;c__Sordariomycetes;o__Hypocreales;f__Nectriaceae;g__Gibberella;s__Gibberella_intricans,0.40740741
959,4.87719298,0.0091707,0.20503597,0,0.999969169,3,8,FALSE,Fungi,2f0dd976f7121ce3d5bf02800277b13b,4,,3,0,,,0,0.64752791,FALSE,0,2f0dd976f7121ce3d5bf02800277b13b,916,k__Fungi;p__Ascomycota;c__Dothideomycetes;o__Pleosporales;f__Cucurbitariaceae;g__Pyrenochaetopsis;s__unidentified,0.33333333
871,5.32894737,0,0.18765432,0,0.999773728,1,8,FALSE,Fungi,0961cf8f1b5074801797358681641f3c,6,Clustered,1,0,,,0,0.60645933,FALSE,0,0961cf8f1b5074801797358681641f3c,0,k__Fungi;p__Ascomycota;c__Sordariomycetes;o__Hypocreales;f__Hypocreaceae;g__Trichoderma;s__Trichoderma_aerugineum,0
1019,4.89473684,0.01161146,0.20430108,0,0.987521465,3,8,FALSE,Fungi,9c92d568cbd3bc1350ac6a0e10df08a9,4,Clustered,3,0,,,0,0.64593301,FALSE,0,9c92d568cbd3bc1350ac6a0e10df08a9,1124,k__Fungi;p__Ascomycota;c__Sordariomycetes;o__Conioscyphales;f__Conioscyphaceae;g__Conioscypha;s__unidentified,0.33333333
869,4.85964912,0.01312815,0.20577617,0,0.798804425,4,8,FALSE,Fungi,dffa3aa867273816713072bf41a4d99e,3,Clustered,4,0,,,0,0.64912281,FALSE,0,dffa3aa867273816713072bf41a4d99e,1312,k__Fungi;p__Ascomycota,0.25
960,5.55263158,0.00880215,0.18009479,0,0.99815255,2,9,FALSE,Fungi,98e80d702b7e011d5b007706f5156d5d,4,Clustered,2,0,,,0,0.5861244,FALSE,0,98e80d702b7e011d5b007706f5156d5d,790,k__Fungi;p__Ascomycota;c__Sordariomycetes;o__Hypocreales;f__Hypocreaceae;g__Trichoderma,0.5
961,5.01315789,0.0170387,0.19947507,0,0.987531246,3,8,FALSE,Fungi,bb67f0ff723dfa30fbcb7172b5a9402a,3,Clustered,3,0,,,0,0.63516746,FALSE,0,bb67f0ff723dfa30fbcb7172b5a9402a,1550,k__Fungi;p__Ascomycota;c__Sordariomycetes;o__Sordariales;f__Chaetomiaceae;g__Chaetomium,0.33333333
854,5.38157895,0.004832,0.18581907,0,0.971382002,2,9,FALSE,Fungi,4c56be587f72ae6bfec4a1a774190eff,4,Clustered,2,0,,,0,0.60167464,FALSE,0,4c56be587f72ae6bfec4a1a774190eff,462,k__Fungi;p__Ascomycota;c__Sordariomycetes;o__Sordariales;f__Lasiosphaeriaceae;g__unidentified;s__unidentified,0.5
839,5.1622807,0.01776977,0.19371283,0,0.769122758,4,9,FALSE,Fungi,681a82b982b358ecdc302505cccec913,2.5,Clustered,4,0,,,0,0.62161085,FALSE,0,681a82b982b358ecdc302505cccec913,1636,k__Fungi;p__Basidiomycota;c__Agaricomycetes;o__Agaricales,0.25
963,5.25,0.00356761,0.19047619,0,0.746775935,2,8,FALSE,Fungi,ffe6cc828c38abf56461aed3e60b1cee,3.5,Clustered,2,0,,,0,0.61363636,FALSE,0,ffe6cc828c38abf56461aed3e60b1cee,390,k__Fungi;p__Ascomycota;c__Sordariomycetes;o__Xylariales;f__Xylariaceae;g__Ascotricha;s__Ascotricha_chartarum,0.5
1794,4.83333333,0.01506675,0.20689655,0,0.999999988,3,8,FALSE,Fungi,d00d7baa3150a344e3395560a1c3fd86,4.33333333,,3,0,,,0,0.65151515,FALSE,0,d00d7baa3150a344e3395560a1c3fd86,1478,k__Fungi;p__Basidiomycota;c__Agaricomycetes;o__Geastrales;f__Geastraceae;g__Geastrum;s__Geastrum_velutinum,0.33333333
881,4.94736842,0.01050512,0.20212766,0,0.768181022,3,9,FALSE,Fungi,b4fac27b1d9dada2be952f133829afd0,3.33333333,Clustered,3,0,,,0,0.64114833,FALSE,0,b4fac27b1d9dada2be952f133829afd0,1190,k__Fungi;p__Ascomycota;c__Sordariomycetes;o__Hypocreales;f__Hypocreales_fam_Incertae_sedis;g__Acremonium;s__Acremonium_dichromosporum,0.33333333
932,4.74122807,0.0150996,0.21091582,0,0.99999995,3,8,FALSE,Fungi,bd486270fbfe3e7b4c41320e403dd8b6,5,Clustered,3,0,,,0,0.65988836,FALSE,0,bd486270fbfe3e7b4c41320e403dd8b6,1748,k__Fungi;p__Ascomycota;c__Sordariomycetes;o__Hypocreales;f__Hypocreales_fam_Incertae_sedis;g__Acremonium;s__Acremonium_persicinum,0.33333333
1045,4.98245614,0.01534549,0.20070423,0,0.960892164,3,9,FALSE,Fungi,5c89f609e10cdfc12d9b507bccac07b1,4,Clustered,3,0,,,0,0.63795853,FALSE,0,5c89f609e10cdfc12d9b507bccac07b1,1362,k__Fungi;p__Rozellomycota;c__unidentified;o__unidentified;f__unidentified;g__unidentified;s__unidentified,0.33333333
844,4.33333333,0.0599336,0.23076923,0.06666667,0.990171703,6,7,FALSE,Fungi,dd53586548c8a01f5333a89771d85550,3.83333333,Clustered,6,0,,,0,0.6969697,FALSE,0,dd53586548c8a01f5333a89771d85550,5296,k__Fungi;p__Ascomycota;c__Sordariomycetes;o__Hypocreales;f__Stachybotryaceae;g__Achroiostachys;s__Achroiostachys_phyllophila,0.18627451
649,4.51315789,0.01815501,0.22157434,0,0.999848282,3,9,FALSE,Bacteria,2a9400b5a802b9a2b1bb22c97159a472,4.33333333,,3,0,,,0,0.68062201,FALSE,0,2a9400b5a802b9a2b1bb22c97159a472,1634,k__Bacteria; p__Actinobacteria; c__Thermoleophilia; o__Gaiellales; f__Gaiellaceae; g__; s__,0.33333333
203,4.94736842,0.01056744,0.20212766,0,0.999974043,3,9,FALSE,Bacteria,41f1529d49318279a172d84038b79ee4,4,Clustered,3,0,,,0,0.64114833,FALSE,0,41f1529d49318279a172d84038b79ee4,1254,k__Bacteria; p__Cyanobacteria; c__Nostocophycideae; o__Nostocales; f__Nostocaceae,0.33333333
479,4.75877193,0.02398998,0.21013825,0,0.999999317,4,9,FALSE,Bacteria,aa6e67f99123877f3fde961071de34e4,4.25,,4,0,,,0,0.65829346,FALSE,0,aa6e67f99123877f3fde961071de34e4,2548,k__Bacteria; p__Actinobacteria; c__Acidimicrobiia; o__Acidimicrobiales; f__EB1017; g__; s__,0.25
650,5.02192982,0.00406523,0.19912664,0,0.999771503,2,10,FALSE,Bacteria,94ca2a2d9d23169b03d2a30b20065b8e,3.5,,2,0,,,0,0.63437002,FALSE,0,94ca2a2d9d23169b03d2a30b20065b8e,354,k__Bacteria; p__Actinobacteria; c__Thermoleophilia; o__Gaiellales; f__Gaiellaceae; g__; s__,0.5
1013,5.58333333,0.00940159,0.17910448,0,0.998617059,2,10,FALSE,Fungi,d1d017787bec14594dfad51ff70f9ba5,3,Clustered,2,0,,,0,0.58333333,FALSE,0,d1d017787bec14594dfad51ff70f9ba5,772,k__Fungi;p__Ascomycota;c__Sordariomycetes;o__Sordariales;f__Chaetomiaceae,0.5
651,4.29385965,0.04046518,0.2328907,0,0.998168443,4,7,FALSE,Bacteria,5772e80acdf52634aa9a20712a0e1585,5,,4,0,,,0,0.70055821,FALSE,0,5772e80acdf52634aa9a20712a0e1585,3488,k__Bacteria; p__Actinobacteria; c__Thermoleophilia; o__Solirubrobacterales; f__; g__; s__,0.25
151,6.80263158,0,0.14700193,0,0.999975062,1,11,FALSE,Bacteria,0ad1923764af1e7a083e0c6a7087ad65,3,Clustered,1,0,,,0,0.47248804,FALSE,0,0ad1923764af1e7a083e0c6a7087ad65,0,k__Bacteria; p__Cyanobacteria; c__Nostocophycideae; o__Nostocales; f__Nostocaceae,0
148,5.80701754,0.01750522,0.17220544,0,0.999972908,3,10,FALSE,Bacteria,9ae115d0efcc5973d6042e4e34ce14f9,1.66666667,Clustered,3,0,,,0,0.56299841,FALSE,0,9ae115d0efcc5973d6042e4e34ce14f9,1374,k__Bacteria; p__Cyanobacteria; c__Nostocophycideae; o__Nostocales; f__Nostocaceae,0.33333333
74,6.80263158,0,0.14700193,0,0.999972302,1,11,FALSE,Bacteria,e44a7e443eeda68dad38ea2a2d843fb9,3,Clustered,1,0,,,0,0.47248804,FALSE,0,e44a7e443eeda68dad38ea2a2d843fb9,0,k__Bacteria; p__Cyanobacteria; c__Nostocophycideae; o__Nostocales; f__Nostocaceae,0
848,4.78070175,0.02664259,0.20917431,0,0.836736365,4,8,FALSE,Fungi,6ff0eb6e718a91ebbe3e3ece1bfd6443,3.5,Clustered,4,0,,,0,0.65629984,FALSE,0,6ff0eb6e718a91ebbe3e3ece1bfd6443,2314,k__Fungi;p__Ascomycota;c__Sordariomycetes;o__Hypocreales;f__unidentified;g__unidentified;s__unidentified,0.25
1795,5.24122807,0.03029166,0.19079498,0,1,3,8,FALSE,Fungi,556743e04e058116cbecdbaa8b716736,3.33333333,,3,0,,,0,0.61443381,FALSE,0,556743e04e058116cbecdbaa8b716736,2524,k__Fungi;p__Ascomycota;c__Eurotiomycetes;o__Onygenales;f__Onygenales_fam_Incertae_sedis;g__Arthropsis;s__Arthropsis_hispanica,0.33333333
199,5.41666667,0.00885766,0.18461538,0,0.999999465,2,8,FALSE,Bacteria,1680d1d6fadb9f3b681145a0ff19d692,3.5,Clustered,2,0,,,0,0.59848485,FALSE,0,1680d1d6fadb9f3b681145a0ff19d692,664,k__Bacteria; p__Proteobacteria; c__Betaproteobacteria; o__MND1; f__; g__; s__,0.5
105,5.39035088,0.01436424,0.18551668,0,0.999951691,3,9,FALSE,Bacteria,d6ddef7e959522e5ebce1ddbad534cef,2.66666667,Clustered,3,0,,,0,0.60087719,FALSE,0,d6ddef7e959522e5ebce1ddbad534cef,1192,k__Bacteria; p__Proteobacteria; c__Deltaproteobacteria; o__Myxococcales; f__Myxococcaceae; g__; s__,0.33333333
857,5.25,0.01330483,0.19047619,0,0.999999691,3,10,FALSE,Fungi,8ee56c2b64b4ed8fef5bea9092b14265,2.66666667,Clustered,3,0,,,0,0.61363636,FALSE,0,8ee56c2b64b4ed8fef5bea9092b14265,1142,k__Fungi;p__Basidiomycota;c__Geminibasidiomycetes;o__Geminibasidiales;f__Geminibasidiaceae;g__Geminibasidium;s__unidentified,0.33333333
153,4.56578947,0.04334964,0.21902017,0,0.999999998,4,9,FALSE,Bacteria,0b6650ec5f246419247cc9cb688d6275,3.75,Clustered,4,0,,,0,0.67583732,FALSE,0,0b6650ec5f246419247cc9cb688d6275,3636,k__Bacteria; p__Actinobacteria; c__Actinobacteria; o__Micrococcales; f__; g__; s__,0.25
876,4.62719298,0.02013928,0.21611374,0,0.957313296,3,8,FALSE,Fungi,c43865450fb33105291dd33c39621029,4.33333333,Clustered,3,0,,,0,0.67025518,FALSE,0,c43865450fb33105291dd33c39621029,1882,k__Fungi;p__Ascomycota;c__Dothideomycetes;o__Pleosporales;f__Cucurbitariaceae,0.33333333
444,5.03070175,0.00535047,0.19877942,0,0.862343491,2,9,FALSE,Bacteria,2e19ab616a99bfa85d8b7bd33fd17727,5,,2,0,,,0,0.63357257,FALSE,0,2e19ab616a99bfa85d8b7bd33fd17727,476,k__Bacteria; p__Bacteroidetes; c__[Saprospirae]; o__[Saprospirales]; f__Chitinophagaceae; g__; s__,0.5
1034,5.27631579,0.0047096,0.18952618,0,0.999994969,2,9,FALSE,Fungi,69a1d59aae9a75771f5bdd8faf6fd899,4.5,Clustered,2,0,,,0,0.61124402,FALSE,0,69a1d59aae9a75771f5bdd8faf6fd899,448,k__Fungi;p__Ascomycota;c__Eurotiomycetes;o__Onygenales;f__Onygenaceae;g__Myriodontium;s__unidentified,0.5
860,4.72368421,0.02127618,0.21169916,0.16666667,0.990942191,4,7,FALSE,Fungi,d73e61c2dabcb3f006193f178eb4b618,4.75,Clustered,4,0,,,0,0.66148325,FALSE,0,d73e61c2dabcb3f006193f178eb4b618,2164,k__Fungi,0.30357143
1052,4.96491228,0.01109646,0.20141343,0,0.999707351,3,8,FALSE,Fungi,d3a9929b7f662c543c842fe1d62d4144,3.66666667,Clustered,3,0,,,0,0.63955343,FALSE,0,d3a9929b7f662c543c842fe1d62d4144,1148,k__Fungi;p__Ascomycota;c__Sordariomycetes;o__Hypocreales;f__Nectriaceae;g__Cylindrocarpon;s__unidentified,0.33333333
864,4.27631579,0.03057744,0.23384615,0,0.999763395,4,7,FALSE,Fungi,08a5bf9ecc4ef3c36f3676ad8d579535,4.25,Clustered,4,0,,,0,0.70215311,FALSE,0,08a5bf9ecc4ef3c36f3676ad8d579535,3568,k__Fungi;p__Ascomycota;c__Sordariomycetes;o__Trichosphaeriales;f__Trichosphaeriaceae;g__Nigrospora;s__Nigrospora_oryzae,0.25
867,4.31140351,0.04529624,0.23194303,0,0.839412452,6,7,FALSE,Fungi,4a583adb7f73aee01cef4bf8cb6f153b,3.5,Clustered,6,0,,,0,0.69896332,FALSE,0,4a583adb7f73aee01cef4bf8cb6f153b,4632,k__Fungi;p__Basidiomycota;c__Agaricomycetes;o__Trechisporales;f__Hydnodontaceae;g__Trechispora;s__unidentified,0.16666667
931,4.76754386,0.01156475,0.20975161,0,0.738418679,2,9,FALSE,Fungi,614042b2373f65f34e6c19812dbb7217,7,Clustered,2,0,,,0,0.65749601,FALSE,0,614042b2373f65f34e6c19812dbb7217,1402,k__Fungi;p__Ascomycota;c__Sordariomycetes;o__Xylariales;f__Xylariaceae,0.5
1018,4.52192982,0.04389023,0.22114452,0.2,0.999965584,5,8,FALSE,Fungi,36e46d10d77d98f351862f5534853d95,4.4,Clustered,5,0,,,0,0.67982456,FALSE,0,36e46d10d77d98f351862f5534853d95,4440,k__Fungi;p__Ascomycota;c__Leotiomycetes;o__Helotiales;f__Helotiaceae;g__Scytalidium;s__Scytalidium_lignicola,0.25
1473,4.73684211,0.00482028,0.21111111,0.66666667,0.999983946,3,8,FALSE,Fungi,46cead2691115a48947e1ba4bae4e1ac,5.66666667,,3,0,,,0,0.66028708,FALSE,0,46cead2691115a48947e1ba4bae4e1ac,964,k__Fungi;p__Ascomycota;c__Sordariomycetes;o__Sordariales;f__Sordariales_fam_Incertae_sedis;g__Conlarium;s__unidentified,0.43589744
845,5.29385965,0.0214395,0.18889809,0,0.971469865,3,8,FALSE,Fungi,26827a6df0c2cddd5a6989c708b7a305,3.33333333,Clustered,3,0,,,0,0.60964912,FALSE,0,26827a6df0c2cddd5a6989c708b7a305,1678,k__Fungi;p__Ascomycota;c__Sordariomycetes;o__Hypocreales,0.33333333
156,4.47368421,0.01906068,0.22352941,0,0.990182278,3,9,FALSE,Bacteria,8c41d07c7442f8b99b84f3946d62dce9,6.33333333,Clustered,3,0,,,0,0.68421053,FALSE,0,8c41d07c7442f8b99b84f3946d62dce9,2056,k__Bacteria; p__Proteobacteria; c__Alphaproteobacteria; o__Rhodospirillales; f__Rhodospirillaceae; g__; s__,0.33333333
879,4.49122807,0.05322056,0.22265625,0,0.999444735,5,8,FALSE,Fungi,702208e8705cc895db13623a372f517b,3.8,Clustered,5,0,,,0,0.68261563,FALSE,0,702208e8705cc895db13623a372f517b,4420,k__Fungi;p__Ascomycota;c__Leotiomycetes;o__Helotiales;f__Helotiaceae;g__Scytalidium;s__unidentified,0.2
440,4.88596491,0.00807165,0.20466786,0,0.977037897,2,8,FALSE,Bacteria,2d0a34fb3084aaf0949176dfc9028d57,4.5,,2,0,,,0,0.64673046,FALSE,0,2d0a34fb3084aaf0949176dfc9028d57,596,k__Bacteria; p__Proteobacteria; c__Betaproteobacteria; o__MND1; f__; g__; s__,0.5
441,5.15350877,0.00608219,0.19404255,0,0.97491592,2,9,FALSE,Bacteria,008f11a61c4884c2c03e72eb440b806c,3.5,,2,0,,,0,0.62240829,FALSE,0,008f11a61c4884c2c03e72eb440b806c,448,k__Bacteria; p__Proteobacteria; c__Betaproteobacteria; o__MND1; f__; g__; s__,0.5
962,4.54824561,0.0244062,0.219865,0,0.967220298,4,7,FALSE,Fungi,4316ead6385d049db464023053e6c2ad,3.5,Clustered,4,0,,,0,0.67743222,FALSE,0,4316ead6385d049db464023053e6c2ad,2352,k__Fungi;p__Ascomycota;c__Dothideomycetes;o__Dothideomycetes_ord_Incertae_sedis;f__Eremomycetaceae;g__Arthrographis;s__Arthrographis_curvata,0.25
1029,5.16666667,0.00639319,0.19354839,0,0.974275457,2,8,FALSE,Fungi,a1d953e7747358e1abd152cc576a2c55,4,Clustered,2,0,,,0,0.62121212,FALSE,0,a1d953e7747358e1abd152cc576a2c55,548,k__Fungi;p__Ascomycota;c__Dothideomycetes;o__Tubeufiales;f__Tubeufiaceae;g__Helicoma;s__unidentified,0.5
101,5.07017544,0.00372674,0.19723183,0.33333333,0.999983578,3,8,FALSE,Bacteria,25f9d86a04fe0564082e924a8d52726a,4.33333333,Clustered,3,0,,,0,0.62998405,FALSE,0,25f9d86a04fe0564082e924a8d52726a,398,k__Bacteria; p__Proteobacteria; c__Betaproteobacteria; o__Ellin6067; f__; g__; s__,0.4
81,4.96491228,0.02112929,0.20141343,0,0.999998029,4,9,FALSE,Bacteria,d0aad5d38cb3f5b8feb4b7975db8750f,3.5,Clustered,4,0,,,0,0.63955343,FALSE,0,d0aad5d38cb3f5b8feb4b7975db8750f,2172,k__Bacteria; p__Proteobacteria; c__Betaproteobacteria; o__MND1; f__; g__; s__,0.25
173,5.96052632,0,0.16777042,0,0.999998262,1,10,FALSE,Bacteria,f3dd23b9537ca1f081e998327f9b8b73,4,Clustered,1,0,,,0,0.54904306,FALSE,0,f3dd23b9537ca1f081e998327f9b8b73,0,k__Bacteria; p__Proteobacteria; c__Betaproteobacteria; o__MND1; f__; g__; s__,0
652,4.79824561,0.0146531,0.20840951,0,0.999999812,3,8,FALSE,Archaea,2a0d62d0f7f7d106b5073c5bed93cede,4.33333333,,3,0,,,0,0.65470494,FALSE,0,2a0d62d0f7f7d106b5073c5bed93cede,1556,k__Archaea; p__Crenarchaeota; c__Thaumarchaeota; o__Nitrososphaerales; f__Nitrososphaeraceae; g__Candidatus Nitrososphaera; s__SCA1170,0.33333333
1027,5.48245614,0,0.1824,0,0.935023059,1,10,FALSE,Fungi,9abe67b5d73e8b051aa95c9157f401eb,6,Clustered,1,0,,,0,0.59250399,FALSE,0,9abe67b5d73e8b051aa95c9157f401eb,0,k__Fungi;p__Ascomycota;c__Sordariomycetes;o__Sordariales;f__Lasiosphaeriaceae;g__Cercophora;s__unidentified,0
167,5.45175439,0.0015752,0.18342719,0,0.999994073,2,9,FALSE,Bacteria,101b05a3c78ff7040489bd8166f056e5,4.5,Clustered,2,0,,,0,0.59529506,FALSE,0,101b05a3c78ff7040489bd8166f056e5,170,k__Bacteria; p__Proteobacteria; c__Betaproteobacteria; o__MND1; f__; g__; s__,0.5
840,4.25877193,0.04225677,0.23480947,0.1,0.999888705,5,7,FALSE,Fungi,d71d604bffdf1a8e01171eed3dc9609c,4.4,Clustered,5,0,,,0,0.70374801,FALSE,0,d71d604bffdf1a8e01171eed3dc9609c,4610,k__Fungi;p__Ascomycota;c__Eurotiomycetes;o__Eurotiales;f__Aspergillaceae;g__Aspergillus;s__Aspergillus_sp,0.22352941
87,4.46929825,0.01950224,0.22374877,0,0.999999709,4,8,FALSE,Bacteria,275ceefe702c72ea5b008a136df91fc1,5.25,Clustered,4,0,,,0,0.68460925,FALSE,0,275ceefe702c72ea5b008a136df91fc1,3096,k__Bacteria; p__Proteobacteria; c__Gammaproteobacteria; o__Xanthomonadales; f__Sinobacteraceae; g__; s__,0.28333333
75,5.39912281,0,0.18521527,0,0.999999753,1,9,FALSE,Bacteria,a15237e9b005e864a73deaef9a16f12a,5,Clustered,1,0,,,0,0.60007974,FALSE,0,a15237e9b005e864a73deaef9a16f12a,0,k__Bacteria; p__Proteobacteria; c__Gammaproteobacteria; o__Xanthomonadales; f__Sinobacteraceae; g__; s__,0
653,4.89912281,0.01433467,0.20411817,0.16666667,0.999985071,4,8,FALSE,Bacteria,f0010681cbfcd85124e378b977ce2d56,4.25,,4,0,,,0,0.64553429,FALSE,0,f0010681cbfcd85124e378b977ce2d56,1798,k__Bacteria; p__Proteobacteria; c__Betaproteobacteria; o__Ellin6067; f__; g__; s__,0.3125
654,5.89473684,0,0.16964286,0,0.999981976,1,9,FALSE,Bacteria,2269dbc2051a7be47dc18fed5667f74f,4,,1,0,,,0,0.55502392,FALSE,0,2269dbc2051a7be47dc18fed5667f74f,0,k__Bacteria; p__Proteobacteria; c__Betaproteobacteria; o__Ellin6067; f__; g__; s__,0
851,4.95175439,0.01599372,0.20194863,0,0.896986729,3,9,FALSE,Fungi,378b7df604d470bcb01e45f62ca645b5,4.33333333,Clustered,3,0,,,0,0.6407496,FALSE,0,378b7df604d470bcb01e45f62ca645b5,1506,k__Fungi,0.33333333
655,4.77192982,0.02299708,0.20955882,0,0.949568708,4,10,FALSE,Bacteria,fb6f86303f7ef1a98b64b85a7a70fa7e,3.5,,4,0,,,0,0.65709729,FALSE,0,fb6f86303f7ef1a98b64b85a7a70fa7e,2258,k__Bacteria; p__Proteobacteria; c__Betaproteobacteria; o__Burkholderiales; f__Oxalobacteraceae,0.25
1030,5.90789474,0.00366122,0.16926503,0,0.728604403,2,10,FALSE,Fungi,47f5450c3c6b41b163a5424d8aa8df33,2.5,Clustered,2,0,,,0,0.55382775,FALSE,0,47f5450c3c6b41b163a5424d8aa8df33,294,k__Fungi;p__Ascomycota;c__Sordariomycetes;o__Sordariales;f__unidentified;g__unidentified;s__unidentified,0.5
445,4.80263158,0.02426612,0.20821918,0,0.946063475,4,8,FALSE,Bacteria,0c334b5db3130c0ac26f41c88fb9ee26,3.5,,4,0,,,0,0.65430622,FALSE,0,0c334b5db3130c0ac26f41c88fb9ee26,1948,k__Bacteria; p__Bacteroidetes; c__[Saprospirae]; o__[Saprospirales]; f__Chitinophagaceae; g__; s__,0.25
446,5.62719298,0.0057477,0.1777085,0,0.966622975,2,9,FALSE,Bacteria,b50ecfd68813028d2b7cf6d167ee2fb8,3,,2,0,,,0,0.57934609,FALSE,0,b50ecfd68813028d2b7cf6d167ee2fb8,464,k__Bacteria; p__Bacteroidetes; c__[Saprospirae]; o__[Saprospirales]; f__Chitinophagaceae; g__; s__,0.5
1015,5.32894737,0,0.18765432,0,0.993899176,1,10,FALSE,Fungi,071fd6b9abc5e77e5c3f1bb207a75f43,6,Clustered,1,0,,,0,0.60645933,FALSE,0,071fd6b9abc5e77e5c3f1bb207a75f43,0,k__Fungi;p__Basidiomycota;c__Agaricomycetes;o__Polyporales;f__Ganodermataceae;g__Ganoderma;s__Ganoderma_australe,0
185,6.57017544,0,0.15220294,0,0.999999998,1,11,FALSE,Bacteria,687e88147b8464f687fa834354290451,2,Clustered,1,0,,,0,0.49362041,FALSE,0,687e88147b8464f687fa834354290451,0,k__Bacteria; p__Actinobacteria; c__Actinobacteria; o__Micrococcales; f__; g__; s__,0
93,5.5745614,0.00877193,0.17938631,0,0.999999998,2,10,FALSE,Bacteria,5352492fae2d256e5248ce177c71f32e,3.5,Clustered,2,0,,,0,0.58413078,FALSE,0,5352492fae2d256e5248ce177c71f32e,720,k__Bacteria; p__Actinobacteria; c__Actinobacteria; o__Micrococcales; f__; g__; s__,0.5
1470,5.02192982,0.00534084,0.19912664,0,0.809481732,2,8,FALSE,Fungi,13d03add1980e56e6d1fee3fd78135d7,4.5,,2,0,,,0,0.63437002,FALSE,0,13d03add1980e56e6d1fee3fd78135d7,504,k__Fungi;p__Ascomycota;c__Sordariomycetes,0.5
872,5.05701754,0.01316838,0.19774501,0,0.759107595,3,9,FALSE,Fungi,be090d0affdb948e0ecc9b365ff2c00c,4,Clustered,3,0,,,0,0.63118022,FALSE,0,be090d0affdb948e0ecc9b365ff2c00c,1356,k__Fungi;p__Ascomycota;c__Sordariomycetes;o__Hypocreales;f__Nectriaceae;g__Fusarium,0.33333333
656,4.41666667,0.04801517,0.22641509,0,0.999999969,5,8,FALSE,Bacteria,2750b512d0bae842ed1b487cb4594562,4,,5,0,,,0,0.68939394,FALSE,0,2750b512d0bae842ed1b487cb4594562,4356,k__Bacteria; p__Acidobacteria; c__[Chloracidobacteria]; o__RB41; f__Ellin6075; g__; s__,0.2
202,5.06578947,0.00911309,0.1974026,0,0.999996626,2,9,FALSE,Bacteria,da9e6a2b670b12f57a626d2f3383cad0,4.5,Clustered,2,0,,,0,0.63038278,FALSE,0,da9e6a2b670b12f57a626d2f3383cad0,964,k__Bacteria; p__Cyanobacteria; c__Nostocophycideae; o__Nostocales; f__Nostocaceae,0.5
1028,4.78070175,0.01934862,0.20917431,0,0.949854864,4,8,FALSE,Fungi,56cf4a7671653a298e62dccdd4e84a96,3.5,Clustered,4,0,,,0,0.65629984,FALSE,0,56cf4a7671653a298e62dccdd4e84a96,1852,k__Fungi;p__Ascomycota;c__Sordariomycetes;o__Xylariales,0.25
1040,4.52192982,0.02832626,0.22114452,0,0.996616277,4,8,FALSE,Fungi,95f348d6d1be674bd18a91617ace41a1,4.25,Clustered,4,0,,,0,0.67982456,FALSE,0,95f348d6d1be674bd18a91617ace41a1,3206,k__Fungi;p__Ascomycota;c__Eurotiomycetes;o__Eurotiales;f__Aspergillaceae;g__Penicillium,0.25
142,4.59649123,0.03337966,0.21755725,0,0.999999443,5,8,FALSE,Bacteria,6dc64f03709f03c8446e9eb5a6e1212c,3.8,Clustered,5,0,,,0,0.67304625,FALSE,0,6dc64f03709f03c8446e9eb5a6e1212c,3874,k__Bacteria; p__Acidobacteria; c__Acidobacteria-6; o__iii1-15; f__; g__; s__,0.21538462
657,4.74561404,0.01558428,0.21072089,0,0.999998725,3,8,FALSE,Bacteria,4b16a0f27c23915a592bbbb853ec5c53,4.33333333,,3,0,,,0,0.65948963,FALSE,0,4b16a0f27c23915a592bbbb853ec5c53,1580,k__Bacteria; p__Acidobacteria; c__Acidobacteria-6; o__iii1-15; f__; g__; s__,0.33333333
658,4.71491228,0.02062141,0.21209302,0,0.999999956,4,8,FALSE,Bacteria,92f02c01d9e7bd4c10328835a755305c,3.5,,4,0,,,0,0.6622807,FALSE,0,92f02c01d9e7bd4c10328835a755305c,1984,k__Bacteria; p__Acidobacteria; c__[Chloracidobacteria]; o__RB41; f__Ellin6075; g__; s__,0.25
668,4.73684211,0.01635644,0.21111111,0.16666667,0.999859805,4,8,FALSE,Bacteria,47c56b2c5c4913eb2448d9407044bbd6,4.25,,4,0,,,0,0.66028708,FALSE,0,47c56b2c5c4913eb2448d9407044bbd6,1666,k__Bacteria; p__Actinobacteria; c__Thermoleophilia; o__Gaiellales; f__Gaiellaceae; g__; s__,0.28846154
106,4.57017544,0.0273877,0.21880998,0.1,0.999980014,5,8,FALSE,Bacteria,c74607d56160786ef4c00f59128b7164,3.6,Clustered,5,0,,,0,0.6754386,FALSE,0,c74607d56160786ef4c00f59128b7164,2656,k__Bacteria; p__Proteobacteria; c__Betaproteobacteria; o__Ellin6067; f__; g__; s__,0.23076923
102,4.85526316,0.01042704,0.20596206,0,0.999985902,3,8,FALSE,Bacteria,43dc5ef16caa2d77b3708d6f416df27d,4.33333333,Clustered,3,0,,,0,0.64952153,FALSE,0,43dc5ef16caa2d77b3708d6f416df27d,1050,k__Bacteria; p__Proteobacteria; c__Betaproteobacteria; o__Ellin6067; f__; g__; s__,0.33333333
852,4.5745614,0.03517004,0.21860019,0,0.939372039,5,8,FALSE,Fungi,07e078860651dfd49236b055f2d0adfc,3.4,Clustered,5,0,,,0,0.67503987,FALSE,0,07e078860651dfd49236b055f2d0adfc,3514,k__Fungi;p__Ascomycota;c__Leotiomycetes;o__Helotiales;f__Helotiaceae;g__Scytalidium;s__Scytalidium_sphaerosporum,0.2
1011,4.58333333,0.0350893,0.21818182,0.06666667,0.952525327,6,9,FALSE,Fungi,36f2d425153c065d26c7fdee73f30a76,3.33333333,Clustered,6,0,,,0,0.67424242,FALSE,0,36f2d425153c065d26c7fdee73f30a76,3620,k__Fungi;p__Basidiomycota;c__Agaricomycetes;o__Agaricales;f__Agaricaceae;g__unidentified;s__unidentified,0.19047619
73,4.81578947,0.01010861,0.20765027,0,0.999824574,3,10,FALSE,Bacteria,6433d06bc52938c5e3eaef795fb9dba2,4.33333333,Clustered,3,0,,,0,0.65311005,FALSE,0,6433d06bc52938c5e3eaef795fb9dba2,1284,k__Bacteria; p__Proteobacteria; c__Gammaproteobacteria; o__Xanthomonadales; f__Sinobacteraceae; g__; s__,0.37037037
162,5.46052632,0.00227521,0.18313253,0,0.999834696,2,10,FALSE,Bacteria,71d5d94d204bfe1d426c5d8dc693de47,4,Clustered,2,0,,,0,0.59449761,FALSE,0,71d5d94d204bfe1d426c5d8dc693de47,322,k__Bacteria; p__Proteobacteria; c__Gammaproteobacteria; o__Xanthomonadales; f__Sinobacteraceae; g__; s__,0.5
108,5.30263158,0.00487016,0.18858561,0,0.999780944,3,10,FALSE,Bacteria,5ea833a573041227c30e980d332993c5,3.66666667,Clustered,3,0,,,0,0.60885167,FALSE,0,5ea833a573041227c30e980d332993c5,652,k__Bacteria; p__Proteobacteria; c__Gammaproteobacteria; o__Xanthomonadales; f__Sinobacteraceae; g__; s__,0.38095238
855,4.36403509,0.0523503,0.22914573,0,0.999999401,7,8,FALSE,Fungi,ef18e1cc722e195c6713d8a4bc13a163,2.71428571,Clustered,7,0,,,0,0.69417863,FALSE,0,ef18e1cc722e195c6713d8a4bc13a163,5264,k__Fungi;p__Ascomycota;c__Eurotiomycetes;o__Eurotiales;f__Aspergillaceae;g__Aspergillus;s__Aspergillus_purpureus,0.14285714
172,4.87280702,0.0153211,0.20522052,0,0.991508367,3,9,FALSE,Bacteria,4c7b9df2d3f8d2b174457df047420340,4,Clustered,3,0,,,0,0.64792663,FALSE,0,4c7b9df2d3f8d2b174457df047420340,1318,k__Bacteria; p__Proteobacteria; c__Gammaproteobacteria; o__Thiotrichales; f__Piscirickettsiaceae; g__; s__,0.33333333
1037,4.5877193,0.03562619,0.21797323,0.06666667,0.99807661,6,9,FALSE,Fungi,3b2b5968a9e7ce155a52afe3597872b3,3.5,Clustered,6,0,,,0,0.6738437,FALSE,0,3b2b5968a9e7ce155a52afe3597872b3,3304,k__Fungi;p__Basidiomycota;c__Agaricomycetes;o__Agaricales;f__Entolomataceae;g__Entoloma;s__Entoloma_perumbilicatum,0.20238095
116,5.12719298,0.0061675,0.19503849,0,1,2,9,FALSE,Bacteria,2793dd05029141a96b679daae1152950,4.5,Clustered,2,0,,,0,0.62480064,FALSE,0,2793dd05029141a96b679daae1152950,544,k__Bacteria; p__Actinobacteria; c__Rubrobacteria; o__Rubrobacterales; f__Rubrobacteraceae; g__; s__,0.5
1014,4.50438596,0.05596539,0.22200584,0.06666667,0.742873866,6,7,FALSE,Fungi,63632624d98a1ce91ff2ec0367e71f1d,3.66666667,Clustered,6,0,,,0,0.68141946,FALSE,0,63632624d98a1ce91ff2ec0367e71f1d,5322,k__Fungi;p__Olpidiomycota;c__Olpidiomycetes;o__Olpidiales;f__Olpidiaceae;g__Olpidium;s__Olpidium_brassicae,0.1875
659,5.07894737,0.00534503,0.19689119,0,0.99999989,2,8,FALSE,Bacteria,b93c1e57a0f0d08f7cebb28584d97619,4.5,,2,0,,,0,0.6291866,FALSE,0,b93c1e57a0f0d08f7cebb28584d97619,494,k__Bacteria; p__Acidobacteria; c__[Chloracidobacteria]; o__RB41; f__Ellin6075; g__; s__,0.5
474,4.65789474,0.02569833,0.21468927,0,0.999889101,4,9,FALSE,Bacteria,c02036fdc986a9bf626455882a2376f9,3.25,,4,0,,,0,0.66746411,FALSE,0,c02036fdc986a9bf626455882a2376f9,2244,k__Bacteria; p__Actinobacteria; c__Thermoleophilia; o__Gaiellales; f__Gaiellaceae; g__; s__,0.25
77,6.46052632,0,0.15478615,1,0.999865033,2,10,FALSE,Bacteria,8dc321db092dfde96b27ec7875538be9,2.5,Clustered,2,0,,,0,0.50358852,FALSE,0,8dc321db092dfde96b27ec7875538be9,0,k__Bacteria; p__Proteobacteria; c__Gammaproteobacteria; o__Xanthomonadales; f__Sinobacteraceae; g__Steroidobacter; s__,0.83333333
117,5.46929825,0.01746657,0.18283881,0.33333333,0.999759935,3,9,FALSE,Bacteria,35db5cfdf53a734e865a27408a98b301,3,Clustered,3,0,,,0,0.59370016,FALSE,0,35db5cfdf53a734e865a27408a98b301,1368,k__Bacteria; p__Proteobacteria; c__Gammaproteobacteria; o__Xanthomonadales; f__Sinobacteraceae; g__Steroidobacter; s__,0.44444444
186,6.46052632,0,0.15478615,1,0.999802563,2,10,FALSE,Bacteria,07b4d679c6e07ee7e0339e06402725b8,2.5,Clustered,2,0,,,0,0.50358852,FALSE,0,07b4d679c6e07ee7e0339e06402725b8,0,k__Bacteria; p__Proteobacteria; c__Gammaproteobacteria; o__Xanthomonadales; f__Sinobacteraceae; g__Steroidobacter; s__,0.83333333
868,4.69736842,0.02685588,0.21288515,0,0.999998035,4,9,FALSE,Fungi,3119f81576d973afb09e1ab14d58b0a2,4,Clustered,4,0,,,0,0.6638756,FALSE,0,3119f81576d973afb09e1ab14d58b0a2,2576,k__Fungi;p__Ascomycota;c__Dothideomycetes,0.25
121,4.82894737,0.03615681,0.20708447,0,0.999972565,3,9,FALSE,Bacteria,a43207bb050050e8e38642c3939a9f20,4,Clustered,3,0,,,0,0.65191388,FALSE,0,a43207bb050050e8e38642c3939a9f20,3046,k__Bacteria; p__Cyanobacteria; c__Nostocophycideae; o__Nostocales; f__Nostocaceae,0.33333333
660,4.33333333,0.03261505,0.23076923,0.16666667,0.999589745,4,8,FALSE,Archaea,1578ffc7839d74f75b6936d20e95b468,4.75,,4,0,,,0,0.6969697,FALSE,0,1578ffc7839d74f75b6936d20e95b468,3122,k__Archaea; p__Crenarchaeota; c__Thaumarchaeota; o__Nitrososphaerales; f__Nitrososphaeraceae; g__Candidatus Nitrososphaera; s__,0.28333333
461,5.34210526,0.00858223,0.18719212,0.33333333,0.943010857,3,8,FALSE,Bacteria,d8f13c5e9df6c2cde580a81c5cfa5053,3.33333333,,3,0,,,0,0.60526316,FALSE,0,d8f13c5e9df6c2cde580a81c5cfa5053,774,k__Bacteria; p__Bacteroidetes; c__[Saprospirae]; o__[Saprospirales]; f__Chitinophagaceae; g__; s__,0.42857143
450,6.0745614,0,0.16462094,1,0.978763964,2,9,FALSE,Bacteria,71d793a17e3b5a0151153abf600ad660,3,,2,0,,,0,0.53867624,FALSE,0,71d793a17e3b5a0151153abf600ad660,0,k__Bacteria; p__Bacteroidetes; c__[Saprospirae]; o__[Saprospirales]; f__Chitinophagaceae; g__; s__,0.75
451,5.5745614,0.00465179,0.17938631,0.33333333,0.986979792,3,9,FALSE,Bacteria,d484814b4b686bd9810d545fd8a2fe17,2.66666667,,3,0,,,0,0.58413078,FALSE,0,d484814b4b686bd9810d545fd8a2fe17,398,k__Bacteria; p__Bacteroidetes; c__[Saprospirae]; o__[Saprospirales]; f__Chitinophagaceae; g__; s__,0.46666667
958,4.86403509,0.01090673,0.20559062,0,0.999434575,3,9,FALSE,Fungi,e78de4012f3d6477d33b267b2cdff1b4,5.33333333,Clustered,3,0,,,0,0.64872408,FALSE,0,e78de4012f3d6477d33b267b2cdff1b4,1334,k__Fungi;p__Ascomycota;c__Sordariomycetes;o__Hypocreales;f__Hypocreaceae;g__Trichoderma,0.36111111
1796,5.48245614,0,0.1824,0,0.936115193,1,10,FALSE,Fungi,10e52e4d74e5ed7352856ebec4f12069,7,,1,0,,,0,0.59250399,FALSE,0,10e52e4d74e5ed7352856ebec4f12069,0,k__Fungi;p__Basidiomycota;c__Agaricomycetes;o__Agaricales,0
72,4.9254386,0.00607946,0.2030276,0.33333333,0.999967015,3,9,FALSE,Bacteria,f17746f79f09b97c4a63ff17ce0677be,5,Clustered,3,0,,,0,0.64314195,FALSE,0,f17746f79f09b97c4a63ff17ce0677be,812,k__Bacteria; p__Cyanobacteria; c__Nostocophycideae; o__Nostocales; f__Nostocaceae,0.38888889
109,5.09649123,0.00568052,0.19621343,0,0.995087119,2,10,FALSE,Bacteria,d648b22e6add72f069c3ef8d20df6364,5,Clustered,2,0,,,0,0.62759171,FALSE,0,d648b22e6add72f069c3ef8d20df6364,468,k__Bacteria; p__Proteobacteria; c__Gammaproteobacteria; o__Thiotrichales; f__Piscirickettsiaceae; g__; s__,0.5
661,4.23245614,0.03758359,0.23626943,0,0.937325865,4,8,FALSE,Bacteria,1a72a973d050452643eba7f55e27942f,5.75,,4,0,,,0,0.70614035,FALSE,0,1a72a973d050452643eba7f55e27942f,4110,k__Bacteria; p__Proteobacteria; c__Betaproteobacteria; o__Burkholderiales; f__Oxalobacteraceae,0.25
194,4.50438596,0.04420111,0.22200584,0.1,0.999970823,5,8,FALSE,Bacteria,f38c386d39d01853fb1204ee83fb1153,4.2,Clustered,5,0,,,0,0.68141946,FALSE,0,f38c386d39d01853fb1204ee83fb1153,4064,k__Bacteria; p__Cyanobacteria; c__Nostocophycideae; o__Nostocales; f__Nostocaceae,0.225
674,6.28508772,0.00359517,0.15910677,0,0.99962635,2,10,FALSE,Archaea,e0a91b68d8420453e43e2ba495e8c879,2,,2,0,,,0,0.51953748,FALSE,0,e0a91b68d8420453e43e2ba495e8c879,288,k__Archaea; p__Crenarchaeota; c__Thaumarchaeota; o__Nitrososphaerales; f__Nitrososphaeraceae; g__Candidatus Nitrososphaera; s__,0.5
662,5.61403509,0.01742236,0.178125,0,0.999784793,3,9,FALSE,Archaea,17c097e6441cea6b4c2f9e194ec93643,3.33333333,,3,0,,,0,0.58054226,FALSE,0,17c097e6441cea6b4c2f9e194ec93643,1362,k__Archaea; p__Crenarchaeota; c__Thaumarchaeota; o__Nitrososphaerales; f__Nitrososphaeraceae; g__Candidatus Nitrososphaera; s__,0.33333333
663,6.3377193,0.00322993,0.15778547,0,0.999769896,2,9,FALSE,Archaea,82705218f9df7f5bee8f7f8687741fb2,2.5,,2,0,,,0,0.51475279,FALSE,0,82705218f9df7f5bee8f7f8687741fb2,224,k__Archaea; p__Crenarchaeota; c__Thaumarchaeota; o__Nitrososphaerales; f__Nitrososphaeraceae; g__Candidatus Nitrososphaera; s__,0.5
873,4.25438596,0.04949628,0.23505155,0,0.999997568,5,8,FALSE,Fungi,543b833aaa09b3601f28df12a82983f2,4.2,Clustered,5,0,,,0,0.70414673,FALSE,0,543b833aaa09b3601f28df12a82983f2,4554,k__Fungi;p__Ascomycota;c__Sordariomycetes;o__Trichosphaeriales;f__Trichosphaeriaceae;g__Nigrospora;s__Nigrospora_oryzae,0.2
127,5.28070175,0.00376861,0.18936877,0,0.776333689,2,10,FALSE,Bacteria,3822ef1733f45f7645c68d25d69ae154,3,Clustered,2,0,,,0,0.6108453,FALSE,0,3822ef1733f45f7645c68d25d69ae154,442,k__Bacteria; p__Gemmatimonadetes; c__Gemmatimonadetes; o__; f__; g__; s__,0.5
128,5.05263158,0.00541155,0.19791667,0,0.759892138,2,9,FALSE,Bacteria,e72a8425a82fcd162072462b23857a1a,3.5,Clustered,2,0,,,0,0.63157895,FALSE,0,e72a8425a82fcd162072462b23857a1a,578,k__Bacteria; p__Gemmatimonadetes; c__Gemmatimonadetes; o__; f__; g__; s__,0.5
82,4.42105263,0.04933688,0.22619048,0.0952381,0.991254982,7,8,FALSE,Bacteria,f021278f12ffc82b97fa47fe4c1e4859,3.85714286,Clustered,7,0,,,0,0.68899522,FALSE,0,f021278f12ffc82b97fa47fe4c1e4859,6414,k__Bacteria; p__Proteobacteria; c__Alphaproteobacteria; o__Rhizobiales,0.20168067
83,4.71052632,0.0143937,0.2122905,0.16666667,0.991580377,4,8,FALSE,Bacteria,17f9b59451e6666cea15a4e4e9a4e140,4.25,Clustered,4,0,,,0,0.66267943,FALSE,0,17f9b59451e6666cea15a4e4e9a4e140,1678,k__Bacteria; p__Proteobacteria; c__Alphaproteobacteria; o__Rhizobiales,0.3125
169,4.40350877,0.03555039,0.22709163,0,0.999999628,5,8,FALSE,Bacteria,b4d09cf712aa20bad504d171bf35c0a2,4.2,Clustered,5,0,,,0,0.69059011,FALSE,0,b4d09cf712aa20bad504d171bf35c0a2,4422,k__Bacteria; p__Proteobacteria; c__Gammaproteobacteria; o__Xanthomonadales; f__Sinobacteraceae; g__; s__,0.22857143
464,4.78070175,0.01307558,0.20917431,0.33333333,0.999778316,3,8,FALSE,Bacteria,453b793910e9449da208ccfc1dd969ff,4.33333333,,3,0,,,0,0.65629984,FALSE,0,453b793910e9449da208ccfc1dd969ff,1126,k__Bacteria; p__Proteobacteria; c__Deltaproteobacteria; o__Myxococcales; f__Myxococcaceae; g__; s__,0.4
452,4.39035088,0.03995313,0.22777223,0.1,0.990161405,5,8,FALSE,Bacteria,a1509ad9986d14a8d956639c73197fda,4.8,,5,0,,,0,0.69178628,FALSE,0,a1509ad9986d14a8d956639c73197fda,4638,k__Bacteria; p__Proteobacteria; c__Alphaproteobacteria; o__Rhizobiales,0.24705882
453,4.91666667,0.01464578,0.20338983,0,0.999998656,3,9,FALSE,Bacteria,77739a453e58568e9e091413fe450042,3.66666667,,3,0,,,0,0.64393939,FALSE,0,77739a453e58568e9e091413fe450042,1316,k__Bacteria; p__Acidobacteria; c__Acidobacteria-6; o__iii1-15; f__; g__; s__,0.33333333
454,5.9122807,0,0.16913947,0,0.999996826,1,10,FALSE,Bacteria,42b0a7dcaca421fb79246a74648c513d,3,,1,0,,,0,0.55342903,FALSE,0,42b0a7dcaca421fb79246a74648c513d,0,k__Bacteria; p__Acidobacteria; c__Acidobacteria-6; o__iii1-15; f__; g__; s__,0
132,6.23245614,0.00877193,0.16045039,0,0.99983589,2,9,FALSE,Bacteria,6e58cdb23ee79c1c8a138d27bd4cc659,3,Clustered,2,0,,,0,0.52432217,FALSE,0,6e58cdb23ee79c1c8a138d27bd4cc659,726,k__Bacteria; p__Proteobacteria; c__Deltaproteobacteria; o__Myxococcales; f__Myxococcaceae; g__; s__,0.5
133,7.22807018,0,0.13834951,0,0.999887096,1,10,FALSE,Bacteria,5b308300ae66caa744bc28b99889a5ef,2,Clustered,1,0,,,0,0.4338118,FALSE,0,5b308300ae66caa744bc28b99889a5ef,0,k__Bacteria; p__Proteobacteria; c__Deltaproteobacteria; o__Myxococcales; f__Myxococcaceae; g__; s__,0
861,4.56578947,0.02777639,0.21902017,0.16666667,0.924033761,4,7,FALSE,Fungi,7b3c81d80fd2ba70d52184d98c0110c5,4.75,Clustered,4,0,,,0,0.67583732,FALSE,0,7b3c81d80fd2ba70d52184d98c0110c5,2530,k__Fungi;p__Ascomycota;c__Dothideomycetes;o__Pleosporales,0.28333333
136,6.4122807,0,0.15595075,0,0.999949721,1,11,FALSE,Bacteria,2661991c8e75d3bfc5e27e4b699a0961,2,Clustered,1,0,,,0,0.50797448,FALSE,0,2661991c8e75d3bfc5e27e4b699a0961,0,k__Bacteria; p__Actinobacteria; c__Thermoleophilia; o__Solirubrobacterales; f__Solirubrobacteraceae; g__; s__,0
138,5.41666667,0.00877193,0.18461538,0,0.999938347,2,10,FALSE,Bacteria,60d6dd89b995d7e992ac67bef9e37208,3,Clustered,2,0,,,0,0.59848485,FALSE,0,60d6dd89b995d7e992ac67bef9e37208,812,k__Bacteria; p__Actinobacteria; c__Thermoleophilia; o__Solirubrobacterales; f__Solirubrobacteraceae; g__; s__,0.5
870,5.6622807,0.00444477,0.17660728,0,0.978854759,2,11,FALSE,Fungi,3ee4c94dca2e32a3ae43fb9d796c4ffe,3,Clustered,2,0,,,0,0.5761563,FALSE,0,3ee4c94dca2e32a3ae43fb9d796c4ffe,468,k__Fungi,0.5
460,4.42982456,0.05597633,0.22574257,0,0.792119396,5,9,FALSE,Bacteria,2767bbc065ade346b30518f073dd0d09,4,,5,0,,,0,0.68819777,FALSE,0,2767bbc065ade346b30518f073dd0d09,5260,k__Bacteria; p__Proteobacteria; c__Alphaproteobacteria; o__Rhizobiales; f__Hyphomicrobiaceae; g__Rhodoplanes; s__,0.2
455,6.25877193,0,0.15977575,0,0.894771038,1,11,FALSE,Bacteria,6d69c213b789342d3c7ba3be08bd496f,3,,1,0,,,0,0.52192982,FALSE,0,6d69c213b789342d3c7ba3be08bd496f,0,k__Bacteria; p__Bacteroidetes; c__[Saprospirae]; o__[Saprospirales]; f__Chitinophagaceae; g__; s__,0
456,5.26315789,0.01502671,0.19,0,0.959709018,3,10,FALSE,Bacteria,8cb8851cb87b1f4f07e130feb72d4fc5,2.66666667,,3,0,,,0,0.61244019,FALSE,0,8cb8851cb87b1f4f07e130feb72d4fc5,1470,k__Bacteria; p__Bacteroidetes; c__[Saprospirae]; o__[Saprospirales]; f__Chitinophagaceae; g__; s__,0.33333333
1475,6.21929825,0.01746657,0.16078984,0,0.988378931,2,9,FALSE,Fungi,2188e88c689f04f7e46f2c1e6999a959,2.5,,2,0,,,0,0.52551834,FALSE,0,2188e88c689f04f7e46f2c1e6999a959,1440,k__Fungi;p__Ascomycota;c__Pezizomycetes;o__Pezizales;f__Pezizaceae;g__unidentified;s__unidentified,0.5
457,8.20175439,0,0.12192513,0,0.999509187,1,11,FALSE,Bacteria,2b15add6e222566c390316c1c648c297,2,,1,0,,,0,0.34529506,FALSE,0,2b15add6e222566c390316c1c648c297,0,k__Bacteria; p__Proteobacteria; c__Gammaproteobacteria; o__Xanthomonadales; f__Sinobacteraceae; g__; s__,0
458,7.20614035,0.00877193,0.13877054,0,0.999343315,2,10,FALSE,Bacteria,2bf25ed1b1d393f2e4cbc7d257fbb3de,1.5,,2,0,,,0,0.43580542,FALSE,0,2bf25ed1b1d393f2e4cbc7d257fbb3de,722,k__Bacteria; p__Proteobacteria; c__Gammaproteobacteria; o__Xanthomonadales; f__Sinobacteraceae; g__; s__,0.5
1017,4.5877193,0.02588438,0.21797323,0,0.999996326,3,8,FALSE,Fungi,33c5a7be0e4bb143023e1bc93f4ddcb4,5.33333333,Clustered,3,0,,,0,0.6738437,FALSE,0,33c5a7be0e4bb143023e1bc93f4ddcb4,2166,k__Fungi;p__Basidiomycota;c__Agaricomycetes;o__Agaricales;f__Pluteaceae;g__Pluteus;s__Pluteus_longistriatus,0.33333333
94,5.19298246,0.007558,0.19256757,0,0.999998848,2,10,FALSE,Bacteria,4eabfe7c50b7841056d2045a604047ab,4,Clustered,2,0,,,0,0.61881978,FALSE,0,4eabfe7c50b7841056d2045a604047ab,714,k__Bacteria; p__Proteobacteria; c__Betaproteobacteria; o__MND1; f__; g__; s__,0.5
122,4.48684211,0.04211165,0.2228739,0.04761905,0.999972489,7,9,FALSE,Bacteria,397b787d412688af6cca2406b9f50d19,3.14285714,Clustered,7,0,,,0,0.68301435,FALSE,0,397b787d412688af6cca2406b9f50d19,4290,k__Bacteria; p__Cyanobacteria; c__Nostocophycideae; o__Nostocales; f__Nostocaceae,0.17346939
664,4.67982456,0.02248085,0.21368322,0,0.983968166,4,9,FALSE,Bacteria,4ec2dde583aa29651167b4250ff01b7b,4,,4,0,,,0,0.66547049,FALSE,0,4ec2dde583aa29651167b4250ff01b7b,2362,k__Bacteria; p__Actinobacteria; c__Thermoleophilia; o__Solirubrobacterales; f__; g__; s__,0.27272727
1797,4.23684211,0.05292999,0.23602484,0,0.999984937,5,8,FALSE,Fungi,53dd28d72e40dd4905d3c48cfe160692,4.2,,5,0,,,0,0.70574163,FALSE,0,53dd28d72e40dd4905d3c48cfe160692,4826,k__Fungi;p__Basidiomycota;c__Agaricomycetes;o__Agaricales;f__Agaricaceae;g__Chlorophyllum;s__Chlorophyllum_molybdites,0.2
139,4.50438596,0.02089961,0.22200584,0,0.999489497,3,8,FALSE,Bacteria,5df7fe92c07542211019a1b1bf3cb1e3,5,Clustered,3,0,,,0,0.68141946,FALSE,0,5df7fe92c07542211019a1b1bf3cb1e3,2036,k__Bacteria; p__Acidobacteria; c__Acidobacteria-6; o__iii1-15; f__mb2424; g__; s__,0.33333333
180,4.48684211,0.04563695,0.2228739,0,0.993265035,6,9,FALSE,Bacteria,f3a50d55b1d391f8bdb3b329c2f5e6ff,3.16666667,Clustered,6,0,,,0,0.68301435,FALSE,0,f3a50d55b1d391f8bdb3b329c2f5e6ff,4224,k__Bacteria; p__Actinobacteria; c__Thermoleophilia; o__Solirubrobacterales; f__; g__; s__,0.16666667
90,4.74561404,0.00766066,0.21072089,0.33333333,0.999587667,3,9,FALSE,Bacteria,690ab2f8a206ad98098e536717c0ea5a,5,Clustered,3,0,,,0,0.65948963,FALSE,0,690ab2f8a206ad98098e536717c0ea5a,752,k__Bacteria; p__Proteobacteria; c__Gammaproteobacteria; o__Xanthomonadales; f__Sinobacteraceae; g__; s__,0.38888889
140,4.38157895,0.0341589,0.22822823,0,0.999688389,4,8,FALSE,Bacteria,b1293893b9f536c4c05715b5306ba4b9,4.25,Clustered,4,0,,,0,0.69258373,FALSE,0,b1293893b9f536c4c05715b5306ba4b9,3154,k__Bacteria; p__Acidobacteria; c__Acidobacteria-6; o__iii1-15; f__mb2424; g__; s__,0.25
923,4.75438596,0.01249712,0.2103321,0,0.998145196,3,9,FALSE,Fungi,754cbbd230c5b10124f04b68f37c1dfe,4.66666667,Clustered,3,0,,,0,0.65869219,FALSE,0,754cbbd230c5b10124f04b68f37c1dfe,1314,k__Fungi;p__Basidiomycota;c__Agaricomycetes;o__Agaricales;f__Agaricaceae;g__unidentified;s__unidentified,0.33333333
954,5.24561404,0.01328019,0.19063545,0,0.999995662,3,9,FALSE,Fungi,bb01d42065abd587515b0162708bf98a,3.66666667,Clustered,3,0,,,0,0.61403509,FALSE,0,bb01d42065abd587515b0162708bf98a,1228,k__Fungi;p__Ascomycota;c__Sordariomycetes;o__Boliniales;f__Boliniales_fam_Incertae_sedis;g__Rhexoacrodictys;s__Rhexoacrodictys_erecta,0.33333333
141,4.79385965,0.02093954,0.20860018,0.16666667,0.781045,4,8,FALSE,Bacteria,4b385a07b708ce41b24f7c306f046346,3.75,Clustered,4,0,,,0,0.65510367,FALSE,0,4b385a07b708ce41b24f7c306f046346,2180,k__Bacteria; p__Proteobacteria; c__Alphaproteobacteria; o__Rhizobiales; f__Hyphomicrobiaceae; g__Rhodoplanes; s__,0.29545455
104,4.64912281,0.02572643,0.21509434,0.16666667,0.769054105,4,9,FALSE,Bacteria,11e707b996b3c679046c442aa2ceacad,4.75,Clustered,4,0,,,0,0.66826156,FALSE,0,11e707b996b3c679046c442aa2ceacad,2520,k__Bacteria; p__Proteobacteria; c__Alphaproteobacteria; o__Rhizobiales; f__Hyphomicrobiaceae; g__Rhodoplanes; s__,0.28333333
143,4.82017544,0.01778079,0.20746133,0.16666667,0.77226955,4,9,FALSE,Bacteria,9ed267dd89a77d456888b1bf350329bb,3.5,Clustered,4,0,,,0,0.65271132,FALSE,0,9ed267dd89a77d456888b1bf350329bb,1802,k__Bacteria; p__Proteobacteria; c__Alphaproteobacteria; o__Rhizobiales; f__Hyphomicrobiaceae; g__Rhodoplanes; s__,0.3
1048,5.38157895,0,0.18581907,1,0.96788794,2,9,FALSE,Fungi,c2a64bc741f28dfa56d039275a597b87,5,Clustered,2,0,,,0,0.60167464,FALSE,0,c2a64bc741f28dfa56d039275a597b87,0,k__Fungi;p__Basidiomycota;c__Agaricomycetes;o__Agaricales;f__Stephanosporaceae;g__unidentified;s__unidentified,0.625
1010,5.00877193,0.00896359,0.19964974,0,0.713282618,3,9,FALSE,Fungi,f990870b864b27cf6cec54d6aa827d28,3.66666667,Clustered,3,0,,,0,0.63556619,FALSE,0,f990870b864b27cf6cec54d6aa827d28,884,k__Fungi;p__Ascomycota;c__Sordariomycetes;o__Hypocreales;f__unidentified;g__unidentified;s__unidentified,0.33333333
665,4.64473684,0.03169913,0.21529745,0.06666667,0.99999985,6,9,FALSE,Archaea,4c91d913e626b032eecc504b54bfc894,3.66666667,,6,0,,,0,0.66866029,FALSE,0,4c91d913e626b032eecc504b54bfc894,3590,k__Archaea; p__Crenarchaeota; c__Thaumarchaeota; o__Nitrososphaerales; f__Nitrososphaeraceae; g__Candidatus Nitrososphaera; s__SCA1170,0.2
150,4.84649123,0.01653504,0.20633484,0.16666667,0.994825855,4,9,FALSE,Bacteria,e0fb2ba73f3950427afa72947668c71e,3.75,Clustered,4,0,,,0,0.65031898,FALSE,0,e0fb2ba73f3950427afa72947668c71e,1498,k__Bacteria; p__Actinobacteria; c__Thermoleophilia; o__Solirubrobacterales; f__; g__; s__,0.29545455
838,4.50438596,0.04301072,0.22200584,0.1,0.981554151,5,8,FALSE,Fungi,b2161ed6398e721bd35c10f0b7b32497,4.2,Clustered,5,0,,,0,0.68141946,FALSE,0,b2161ed6398e721bd35c10f0b7b32497,4594,k__Fungi;p__Ascomycota;c__Eurotiomycetes;o__Eurotiales;f__Aspergillaceae;g__Aspergillus;s__Aspergillus_tamarii,0.24
863,4.46052632,0.02439614,0.22418879,0,0.998358934,3,7,FALSE,Fungi,999fd72403c99e1a45e89ae9f56d8f4f,4.66666667,Clustered,3,0,,,0,0.6854067,FALSE,0,999fd72403c99e1a45e89ae9f56d8f4f,2340,k__Fungi;p__Basidiomycota;c__Agaricomycetes;o__Agaricales;f__Stephanosporaceae,0.33333333
89,4.66666667,0.01880692,0.21428571,0.16666667,0.999599201,4,9,FALSE,Bacteria,9403c83b81d7dae0d54104bd1165423d,4.25,Clustered,4,0,,,0,0.66666667,FALSE,0,9403c83b81d7dae0d54104bd1165423d,1738,k__Bacteria; p__Proteobacteria; c__Gammaproteobacteria; o__Xanthomonadales; f__Sinobacteraceae; g__; s__,0.28846154
91,4.54824561,0.02187432,0.219865,0.2,0.999491487,5,9,FALSE,Bacteria,8c78a43745377754c177a37fadd42195,4.4,Clustered,5,0,,,0,0.67743222,FALSE,0,8c78a43745377754c177a37fadd42195,2160,k__Bacteria; p__Proteobacteria; c__Gammaproteobacteria; o__Xanthomonadales; f__Sinobacteraceae; g__; s__,0.24705882
196,4.45175439,0.0391786,0.22463054,0.1,0.999994681,5,8,FALSE,Bacteria,febf1d84f95da418efc85744696182c4,4.4,Clustered,5,0,,,0,0.68620415,FALSE,0,febf1d84f95da418efc85744696182c4,4016,k__Bacteria; p__Actinobacteria; c__MB-A2-108; o__0319-7L14; f__; g__; s__,0.22352941
1798,4.61842105,0.03880581,0.21652422,0,0.98316193,5,9,FALSE,Fungi,2a4fdbf17a475f1139ec2b9bbd822025,3.6,,5,0,,,0,0.67105263,FALSE,0,2a4fdbf17a475f1139ec2b9bbd822025,3232,k__Fungi;p__Basidiomycota;c__Geminibasidiomycetes;o__Geminibasidiales;f__Geminibasidiaceae;g__Basidioascus;s__Basidioascus_undulatus,0.2
666,5.46491228,0.00334733,0.18298555,0,0.99999894,2,10,FALSE,Bacteria,fcd5997cec5575d23f364f4b570c4b76,3,,2,0,,,0,0.59409888,FALSE,0,fcd5997cec5575d23f364f4b570c4b76,374,k__Bacteria; p__Actinobacteria; c__Acidimicrobiia; o__Acidimicrobiales; f__EB1017; g__; s__,0.5
667,5.37280702,0.00375027,0.18612245,0,0.99999897,2,10,FALSE,Bacteria,35c7070eaf4605c21623daf9df1169af,3.5,,2,0,,,0,0.60247209,FALSE,0,35c7070eaf4605c21623daf9df1169af,382,k__Bacteria; p__Actinobacteria; c__Acidimicrobiia; o__Acidimicrobiales; f__EB1017; g__; s__,0.5
929,4.45614035,0.03561193,0.22440945,0.1,0.999992878,5,7,FALSE,Fungi,66b18a6fa9ddbc2b03d896d9f5db211d,4.2,,5,0,,,0,0.68580542,FALSE,0,66b18a6fa9ddbc2b03d896d9f5db211d,3512,k__Fungi;p__Ascomycota;c__Sordariomycetes;o__Hypocreales;f__Cordycipitaceae;g__Beauveria;s__unidentified,0.225
163,4.97807018,0.01181568,0.20088106,0,0.999778095,4,9,FALSE,Bacteria,8af2312c3c3f8b911d884d1aaeaeda24,3.25,Clustered,4,0,,,0,0.63835726,FALSE,0,8af2312c3c3f8b911d884d1aaeaeda24,1518,k__Bacteria; p__Proteobacteria; c__Alphaproteobacteria; o__Rhizobiales,0.28125
165,4.76315789,0.01797568,0.20994475,0,0.999773376,4,8,FALSE,Bacteria,743b8d235ac41c603b7bde91da7b9d7c,3.75,Clustered,4,0,,,0,0.65789474,FALSE,0,743b8d235ac41c603b7bde91da7b9d7c,2168,k__Bacteria; p__Proteobacteria; c__Alphaproteobacteria; o__Rhizobiales,0.275
957,4.54824561,0.02578225,0.219865,0.2,0.83446072,5,8,FALSE,Fungi,eabca7f74185ffe64a86e6ff2688dcfc,4,Clustered,5,0,,,0,0.67743222,FALSE,0,eabca7f74185ffe64a86e6ff2688dcfc,2562,k__Fungi;p__Ascomycota;c__Dothideomycetes;o__Pleosporales;f__Periconiaceae;g__Periconia;s__Periconia_macrospinosa,0.25714286
114,4.89035088,0.01275938,0.2044843,0,1,3,8,FALSE,Bacteria,66af9e9cd9ad7175d21a4f5e68ea957e,3,Clustered,3,0,,,0,0.64633174,FALSE,0,66af9e9cd9ad7175d21a4f5e68ea957e,1150,k__Bacteria; p__Actinobacteria; c__Rubrobacteria; o__Rubrobacterales; f__Rubrobacteraceae; g__; s__,0.33333333
76,4.91666667,0.0123358,0.20338983,0.2,0.99999561,5,8,FALSE,Bacteria,b61577869b90f238ee166f6bc55edecc,3.2,Clustered,5,0,,,0,0.64393939,FALSE,0,b61577869b90f238ee166f6bc55edecc,1210,k__Bacteria; p__Proteobacteria; c__Betaproteobacteria; o__MND1; f__; g__; s__,0.28
170,5.06578947,0.00600723,0.1974026,0.33333333,0.99999413,3,8,FALSE,Bacteria,6218f2c5a75bb8e64a245196c9f3bb17,4.33333333,Clustered,3,0,,,0,0.63038278,FALSE,0,6218f2c5a75bb8e64a245196c9f3bb17,640,k__Bacteria; p__Proteobacteria; c__Betaproteobacteria; o__MND1; f__; g__; s__,0.44444444
927,4.72368421,0.02769145,0.21169916,0,0.72715059,4,9,FALSE,Fungi,ed5811c7c77164a16814d82eb34a933d,4.25,Clustered,4,0,,,0,0.66148325,FALSE,0,ed5811c7c77164a16814d82eb34a933d,2796,k__Fungi;p__Ascomycota;c__Sordariomycetes;o__Sordariales;f__Chaetomiaceae;g__unidentified;s__unidentified,0.25
856,4.39912281,0.03112566,0.22731805,0,0.999999851,4,9,FALSE,Fungi,433cb6c360bb91685919d4ff640322cd,4.75,Clustered,4,0,,,0,0.69098884,FALSE,0,433cb6c360bb91685919d4ff640322cd,2792,k__Fungi;p__Ascomycota;c__Sordariomycetes;o__Hypocreales;f__Hypocreales_fam_Incertae_sedis;g__Acremonium;s__Acremonium_acutatum,0.25
100,5.3245614,0.00811058,0.1878089,0,0.999929788,2,9,FALSE,Bacteria,a4099dce6fc71ab784cfafbccecc72a9,3.5,Clustered,2,0,,,0,0.60685805,FALSE,0,a4099dce6fc71ab784cfafbccecc72a9,714,k__Bacteria; p__Proteobacteria; c__Deltaproteobacteria; o__Myxococcales; f__Myxococcaceae; g__; s__,0.5
197,4.70175439,0.03077772,0.21268657,0,0.999706885,4,10,FALSE,Bacteria,142848ac26b587c9416e719223724741,3.25,Clustered,4,0,,,0,0.66347687,FALSE,0,142848ac26b587c9416e719223724741,2618,k__Bacteria; p__Proteobacteria; c__Alphaproteobacteria; o__Rhizobiales,0.25
1471,5.15789474,0.01271381,0.19387755,0,0.800878915,3,9,FALSE,Fungi,aeceb38bb17c79346bcb553d00c34afe,3,,3,0,,,0,0.62200957,FALSE,0,aeceb38bb17c79346bcb553d00c34afe,1098,k__Fungi;p__Ascomycota;c__Dothideomycetes;o__Pleosporales;f__Pleosporales_fam_Incertae_sedis;g__Berkleasmium;s__unidentified,0.33333333
669,5.61403509,0.00430782,0.178125,0,0.99990221,2,9,FALSE,Bacteria,797c9b14eaccc7bcfaa0a385989e6992,3.5,,2,0,,,0,0.58054226,FALSE,0,797c9b14eaccc7bcfaa0a385989e6992,374,k__Bacteria; p__Proteobacteria; c__Deltaproteobacteria; o__Myxococcales; f__Myxococcaceae; g__; s__,0.5
463,6.24561404,0,0.16011236,1,0.999999999,2,9,FALSE,Bacteria,6b6c23cc57a167b94454bc8469b65a7b,3,,2,0,,,0,0.523126,FALSE,0,6b6c23cc57a167b94454bc8469b65a7b,0,k__Bacteria; p__Actinobacteria; c__Rubrobacteria; o__Rubrobacterales; f__Rubrobacteraceae; g__; s__,0.75
79,4.84210526,0.02644843,0.20652174,0.1,0.999990832,5,8,FALSE,Bacteria,d1527d3cb3f279c7b91030d50eb74902,3.4,Clustered,5,0,,,0,0.6507177,FALSE,0,d1527d3cb3f279c7b91030d50eb74902,2376,k__Bacteria; p__Proteobacteria; c__Betaproteobacteria; o__Ellin6067; f__; g__; s__,0.23333333
670,4.98245614,0.02167012,0.20070423,0,0.999999999,3,9,FALSE,Bacteria,fbdcdad575b25189f5b2f84b16004c74,4.33333333,,3,0,,,0,0.63795853,FALSE,0,fbdcdad575b25189f5b2f84b16004c74,1816,k__Bacteria; p__Actinobacteria; c__Rubrobacteria; o__Rubrobacterales; f__Rubrobacteraceae; g__; s__,0.33333333
465,6.24561404,0,0.16011236,1,0.999999999,2,9,FALSE,Bacteria,a8b0c7f481b21fbe61bd12f14d17423e,3,,2,0,,,0,0.523126,FALSE,0,a8b0c7f481b21fbe61bd12f14d17423e,0,k__Bacteria; p__Actinobacteria; c__Rubrobacteria; o__Rubrobacterales; f__Rubrobacteraceae; g__; s__,0.75
466,5.25438596,0.02277218,0.1903172,0.16666667,0.999999999,4,8,FALSE,Bacteria,ad8e326f6198e42cc6ec0c10bda6cf0a,3,,4,0,,,0,0.61323764,FALSE,0,ad8e326f6198e42cc6ec0c10bda6cf0a,2028,k__Bacteria; p__Actinobacteria; c__Rubrobacteria; o__Rubrobacterales; f__Rubrobacteraceae; g__; s__,0.3125
850,5.43421053,0.0067395,0.18401937,0,0.852692951,2,9,FALSE,Fungi,8d7905c6b16a8d64e4b04aa8c3eb7699,3.5,Clustered,2,0,,,0,0.59688995,FALSE,0,8d7905c6b16a8d64e4b04aa8c3eb7699,594,k__Fungi;p__Ascomycota;c__Dothideomycetes;o__Botryosphaeriales;f__Botryosphaeriaceae;g__Lasiodiplodia;s__Lasiodiplodia_lignicola,0.5
880,4.75877193,0.03182356,0.21013825,0,0.946202293,5,9,FALSE,Fungi,ea3a88b1ad879e8cf640539ac5af207b,3.6,Clustered,5,0,,,0,0.65829346,FALSE,0,ea3a88b1ad879e8cf640539ac5af207b,3466,k__Fungi;p__Ascomycota;c__Sordariomycetes;o__Hypocreales;f__Nectriaceae;g__Fusarium;s__Fusarium_solani,0.2
195,5.17982456,0.00558189,0.19305673,0,0.99372672,2,9,FALSE,Bacteria,9a9a17db275ad1a81b167fb73133ca33,4.5,Clustered,2,0,,,0,0.62001595,FALSE,0,9a9a17db275ad1a81b167fb73133ca33,588,k__Bacteria; p__Actinobacteria; c__Thermoleophilia; o__Solirubrobacterales; f__; g__; s__,0.5
182,5.17982456,0.01145689,0.19305673,0,0.995107758,3,8,FALSE,Bacteria,9d2e9be9d69dc7205192869ad0117423,3,Clustered,3,0,,,0,0.62001595,FALSE,0,9d2e9be9d69dc7205192869ad0117423,1140,k__Bacteria; p__Actinobacteria; c__Thermoleophilia; o__Solirubrobacterales; f__; g__; s__,0.33333333
1036,5.24561404,0.0372521,0.19063545,0,0.700378384,5,8,FALSE,Fungi,7f89100f9452b0e3f27d42f0347151a9,2.4,Clustered,5,0,,,0,0.61403509,FALSE,0,7f89100f9452b0e3f27d42f0347151a9,3224,k__Fungi;p__Ascomycota;c__Sordariomycetes;o__Boliniales;f__Boliniales_fam_Incertae_sedis;g__Rhexoacrodictys,0.2
184,5.06140351,0.01173377,0.19757366,0,0.999280553,2,9,FALSE,Bacteria,ac4f244aaddc47599a000dd2a38efe2c,4,Clustered,2,0,,,0,0.6307815,FALSE,0,ac4f244aaddc47599a000dd2a38efe2c,972,k__Bacteria; p__Acidobacteria; c__Acidobacteria-6; o__iii1-15; f__mb2424; g__; s__,0.5
671,4.95614035,0.02201504,0.20176991,0,0.999828874,3,10,FALSE,Bacteria,58e3c48e2395aa29b1e7c713e0938a8d,3.33333333,,3,0,,,0,0.64035088,FALSE,0,58e3c48e2395aa29b1e7c713e0938a8d,1824,k__Bacteria; p__Proteobacteria; c__Deltaproteobacteria; o__Myxococcales; f__Myxococcaceae; g__; s__,0.33333333
672,5.13157895,0.02092882,0.19487179,0,0.999882464,3,9,FALSE,Bacteria,29b39afd6e8cee4620c8391a09a93db5,3.33333333,,3,0,,,0,0.62440191,FALSE,0,29b39afd6e8cee4620c8391a09a93db5,1748,k__Bacteria; p__Proteobacteria; c__Deltaproteobacteria; o__Myxococcales; f__Myxococcaceae; g__; s__,0.33333333
1021,5.09649123,0.01290238,0.19621343,0,0.865370397,3,8,FALSE,Fungi,f2e730f0c095b69e468c0c943da93aa1,3.33333333,Clustered,3,0,,,0,0.62759171,FALSE,0,f2e730f0c095b69e468c0c943da93aa1,1258,k__Fungi;p__Ascomycota;c__Pezizomycetes;o__Pezizales;f__unidentified;g__unidentified;s__unidentified,0.33333333
1050,4.30701754,0.0360834,0.23217923,0,0.94922097,4,8,FALSE,Fungi,b4a3a693750d6b38d9269b5e6931bf38,4.75,Clustered,4,0,,,0,0.69936204,FALSE,0,b4a3a693750d6b38d9269b5e6931bf38,3246,k__Fungi;p__Ascomycota;c__Sordariomycetes;o__Sordariales;f__Lasiosphaeriaceae;g__Schizothecium,0.25
1023,5.13157895,0.00836215,0.19487179,0,0.999447734,3,8,FALSE,Fungi,c9134033543bea84e32c8c2785bcbb62,3.33333333,Seed,3,0,,,0,0.62440191,FALSE,0,c9134033543bea84e32c8c2785bcbb62,880,k__Fungi;p__Ascomycota;c__Sordariomycetes;o__Hypocreales;f__Stachybotryaceae;g__unidentified;s__unidentified,0.33333333
875,4.71491228,0.00876632,0.21209302,0,0.744379138,3,8,FALSE,Fungi,0c9e5da9ceb207b3591d850c77ec895d,4.33333333,Clustered,3,0,,,0,0.6622807,FALSE,0,0c9e5da9ceb207b3591d850c77ec895d,1252,k__Fungi;p__Basidiomycota;c__Agaricomycetes;o__Geastrales;f__Geastraceae;g__Geastrum;s__unidentified,0.37037037
1012,4.74122807,0.01305848,0.21091582,0,0.902977011,3,8,FALSE,Fungi,f662e396607aff4078219f0b2aed771b,5,Clustered,3,0,,,0,0.65988836,FALSE,0,f662e396607aff4078219f0b2aed771b,1534,k__Fungi;p__Ascomycota;c__Leotiomycetes;o__Helotiales;f__Helotiaceae;g__Scytalidium;s__Scytalidium_sphaerosporum,0.36363636
187,4.97368421,0.00666943,0.2010582,0,0.847815478,2,8,FALSE,Bacteria,0a3ba60be50ed540a3b083c436b2b389,4.5,Clustered,2,0,,,0,0.63875598,FALSE,0,0a3ba60be50ed540a3b083c436b2b389,674,k__Bacteria; p__Gemmatimonadetes; c__Gemmatimonadetes; o__; f__; g__; s__,0.5
188,4.55701754,0.02431789,0.21944177,0,0.843308933,5,7,FALSE,Bacteria,d1893c4e373cc371e10ae3c37f05cfe6,3,Clustered,5,0,,,0,0.67663477,FALSE,0,d1893c4e373cc371e10ae3c37f05cfe6,2540,k__Bacteria; p__Gemmatimonadetes; c__Gemmatimonadetes; o__; f__; g__; s__,0.22222222
1031,4.6622807,0.04252712,0.2144873,0,0.996692835,5,8,FALSE,Fungi,8feaea96d9d8d8c7dc81779ca75700dc,3.2,Clustered,5,0,,,0,0.66706539,FALSE,0,8feaea96d9d8d8c7dc81779ca75700dc,4130,k__Fungi;p__Basidiomycota;c__Agaricomycetes;o__Auriculariales,0.2
189,6.64473684,0,0.15049505,0,0.999971018,1,10,FALSE,Bacteria,add01a8d7e433235adc9b79e70005c0c,2,Clustered,1,0,,,0,0.48684211,FALSE,0,add01a8d7e433235adc9b79e70005c0c,0,k__Bacteria; p__Cyanobacteria; c__Nostocophycideae; o__Nostocales; f__Nostocaceae,0
190,5.64912281,0.00877193,0.17701863,0,0.99997054,2,9,FALSE,Bacteria,580a6be2820ebbcd809ac62479fa7f10,3,Clustered,2,0,,,0,0.57735247,FALSE,0,580a6be2820ebbcd809ac62479fa7f10,800,k__Bacteria; p__Cyanobacteria; c__Nostocophycideae; o__Nostocales; f__Nostocaceae,0.5
1799,4.50877193,0.0465167,0.22178988,0.06666667,0.999999998,6,9,FALSE,Fungi,bc211ea2e5e794c57142374f72dc9530,3.66666667,,6,0,,,0,0.68102073,FALSE,0,bc211ea2e5e794c57142374f72dc9530,4686,k__Fungi;p__Ascomycota;c__Sordariomycetes;o__Sordariales;f__Chaetomiaceae;g__Corynascella;s__Corynascella_humicola,0.1875
1047,4.5745614,0.02335863,0.21860019,0,0.977957454,4,9,FALSE,Fungi,efb1ca5fce5e1f1032c2cd96fe6dc238,4.25,Clustered,4,0,,,0,0.67503987,FALSE,0,efb1ca5fce5e1f1032c2cd96fe6dc238,2350,k__Fungi;p__Ascomycota;c__Eurotiomycetes;o__Chaetothyriales;f__Herpotrichiellaceae;g__Exophiala;s__unidentified,0.27083333
673,5.04385965,0.00777772,0.19826087,0.33333333,0.999999987,3,9,FALSE,Bacteria,be1c28ef4bda97ac4015cd3896b43e8a,4,,3,0,,,0,0.6323764,FALSE,0,be1c28ef4bda97ac4015cd3896b43e8a,890,k__Bacteria; p__Actinobacteria; c__Thermoleophilia; o__Solirubrobacterales; f__; g__; s__,0.40740741
475,4.93859649,0.00725656,0.20248668,0.33333333,0.999999988,3,10,FALSE,Bacteria,fd9c564a1f3fbbd46d876d91e0f19062,4.33333333,,3,0,,,0,0.64194577,FALSE,0,fd9c564a1f3fbbd46d876d91e0f19062,748,k__Bacteria; p__Actinobacteria; c__Thermoleophilia; o__Solirubrobacterales; f__; g__; s__,0.4
878,5.28947368,0.00868961,0.18905473,0,0.999941128,3,10,FALSE,Fungi,0a5062be882ceda47439aa22501d9408,3,Clustered,3,0,,,0,0.61004785,FALSE,0,0a5062be882ceda47439aa22501d9408,906,k__Fungi;p__Ascomycota;c__Sordariomycetes;o__Sordariales;f__Chaetomiaceae;g__Dichotomopilus;s__Dichotomopilus_indicus,0.33333333
157,5.18421053,0.00591012,0.1928934,0.33333333,0.999972883,3,9,FALSE,Bacteria,29fed5df516c8cc02c8cd7a17704d5a2,4.33333333,Clustered,3,0,,,0,0.61961722,FALSE,0,29fed5df516c8cc02c8cd7a17704d5a2,630,k__Bacteria; p__Proteobacteria; c__Betaproteobacteria; o__Ellin6067; f__; g__; s__,0.4
152,5.27192982,0.00404278,0.18968386,0.33333333,0.999976676,3,10,FALSE,Bacteria,3ff96bf2e11d76b94130d7b02154805d,3.66666667,Clustered,3,0,,,0,0.61164274,FALSE,0,3ff96bf2e11d76b94130d7b02154805d,450,k__Bacteria; p__Proteobacteria; c__Betaproteobacteria; o__Ellin6067; f__; g__; s__,0.47619048
208,5.03947368,0.01051401,0.19843342,0.16666667,0.999443043,4,9,FALSE,Bacteria,90e9b1cfdc7902d564410d357be24bb8,3.75,Clustered,4,0,,,0,0.63277512,FALSE,0,90e9b1cfdc7902d564410d357be24bb8,1152,k__Bacteria; p__Acidobacteria; c__Acidobacteria-6; o__iii1-15; f__mb2424; g__; s__,0.325
930,4.95175439,0.01773009,0.20194863,0,0.999999717,3,8,FALSE,Fungi,d09e1da03f5de31a444728c8e2fcb157,3.66666667,Clustered,3,0,,,0,0.6407496,FALSE,0,d09e1da03f5de31a444728c8e2fcb157,1604,k__Fungi;p__Ascomycota;c__Eurotiomycetes;o__Onygenales;f__Onygenales_fam_Incertae_sedis;g__Chrysosporium;s__Chrysosporium_pilosum,0.33333333
181,4.83333333,0.01787461,0.20689655,0,0.999999415,3,8,FALSE,Bacteria,13f9b11b7ee7a08b4d1c28b7475d978a,4.33333333,Clustered,3,0,,,0,0.65151515,FALSE,0,13f9b11b7ee7a08b4d1c28b7475d978a,1490,k__Bacteria; p__Proteobacteria; c__Betaproteobacteria; o__MND1; f__; g__; s__,0.33333333
201,4.87719298,0.0165182,0.20503597,0,0.999999633,3,7,FALSE,Bacteria,86c20e824bc6aa55f399e59286957cba,3.66666667,Clustered,3,0,,,0,0.64752791,FALSE,0,86c20e824bc6aa55f399e59286957cba,1506,k__Bacteria; p__Proteobacteria; c__Betaproteobacteria; o__MND1; f__; g__; s__,0.33333333
928,4.5877193,0.0384558,0.21797323,0,0.961661215,5,8,FALSE,Fungi,12a381fe765b7cd6fe96935d62344de0,4,Clustered,5,0,,,0,0.6738437,FALSE,0,12a381fe765b7cd6fe96935d62344de0,3632,k__Fungi;p__Ascomycota;c__Sordariomycetes,0.2
1038,5.96929825,0,0.16752388,1,0.903136492,2,9,FALSE,Fungi,7046cc7bf887a5ba1ed6cbd156c74298,4,Clustered,2,0,,,0,0.54824561,FALSE,0,7046cc7bf887a5ba1ed6cbd156c74298,0,k__Fungi;p__Basidiomycota;c__Agaricomycetes;o__Agaricales,0.8
149,5.30701754,0.00897078,0.18842975,0.33333333,0.999996311,4,8,FALSE,Bacteria,fd2864f197dd32a87787899a3638b4c5,3.25,Clustered,4,0,,,0,0.60845295,FALSE,0,fd2864f197dd32a87787899a3638b4c5,906,k__Bacteria; p__Cyanobacteria; c__Nostocophycideae; o__Nostocales; f__Nostocaceae,0.375
103,4.72368421,0.03336381,0.21169916,0.1,0.999996587,5,8,FALSE,Bacteria,bb65170a042d7f36601f9f7b6342508f,3.6,Clustered,5,0,,,0,0.66148325,FALSE,0,bb65170a042d7f36601f9f7b6342508f,3376,k__Bacteria; p__Cyanobacteria; c__Nostocophycideae; o__Nostocales; f__Nostocaceae,0.25
205,5.05263158,0.01483926,0.19791667,0.33333333,0.999996353,4,8,FALSE,Bacteria,046267ecb78d2a683bf5e873e78cca0b,4,Clustered,4,0,,,0,0.63157895,FALSE,0,046267ecb78d2a683bf5e873e78cca0b,1570,k__Bacteria; p__Cyanobacteria; c__Nostocophycideae; o__Nostocales; f__Nostocaceae,0.34090909
842,4.14912281,0.05523445,0.2410148,0,0.901807605,6,9,FALSE,Fungi,070d7ae569ca76eddd85fb00e9422801,3.66666667,Clustered,6,0,,,0,0.71371611,FALSE,0,070d7ae569ca76eddd85fb00e9422801,5386,k__Fungi;p__Ascomycota;c__Sordariomycetes;o__Hypocreales;f__unidentified;g__unidentified;s__unidentified,0.17777778
467,4.33333333,0.05405563,0.23076923,0,0.999998029,6,9,FALSE,Bacteria,372d2855524e40e3e7a3ff0573aeb296,3.5,,6,0,,,0,0.6969697,FALSE,0,372d2855524e40e3e7a3ff0573aeb296,5342,k__Bacteria; p__Acidobacteria; c__Acidobacteria-6; o__iii1-15; f__; g__; s__,0.16666667
675,4.21052632,0.03818803,0.2375,0,0.999999999,3,8,FALSE,Bacteria,4c545828499866cf3252db75f49c8f29,6.33333333,,3,0,,,0,0.70813397,FALSE,0,4c545828499866cf3252db75f49c8f29,3604,k__Bacteria; p__Actinobacteria; c__Rubrobacteria; o__Rubrobacterales; f__Rubrobacteraceae; g__; s__,0.33333333
676,4.39473684,0.04559053,0.22754491,0,0.955524955,5,8,FALSE,Bacteria,43412bb00231fb7b85bfe815e5aafeb9,4,,5,0,,,0,0.69138756,FALSE,0,43412bb00231fb7b85bfe815e5aafeb9,4098,k__Bacteria; p__Acidobacteria; c__Acidobacteria-6; o__iii1-15; f__; g__; s__,0.2
211,5.66666667,0.00170057,0.17647059,0,0.999802474,2,9,FALSE,Bacteria,bc8cfff72fb12a887269b007c4870354,2.5,Clustered,2,0,,,0,0.57575758,FALSE,0,bc8cfff72fb12a887269b007c4870354,184,k__Bacteria; p__Proteobacteria; c__Gammaproteobacteria; o__Xanthomonadales; f__Sinobacteraceae; g__Steroidobacter; s__,0.5
212,5.25877193,0.00432162,0.19015847,0,0.999710246,2,9,FALSE,Bacteria,2ea8f9c03f889c272a10dacbc49c23a6,3.5,Clustered,2,0,,,0,0.61283892,FALSE,0,2ea8f9c03f889c272a10dacbc49c23a6,448,k__Bacteria; p__Proteobacteria; c__Gammaproteobacteria; o__Xanthomonadales; f__Sinobacteraceae; g__Steroidobacter; s__,0.5
1024,4.39912281,0.03908853,0.22731805,0,0.924367902,6,8,FALSE,Fungi,d3b7e2be927517ccb4cd6ce388c75907,3.33333333,Clustered,6,0,,,0,0.69098884,FALSE,0,d3b7e2be927517ccb4cd6ce388c75907,3798,k__Fungi;p__Ascomycota;c__Dothideomycetes;o__Pleosporales;f__Sporormiaceae;g__Preussia;s__unidentified,0.17948718
677,4.84649123,0.01193588,0.20633484,0,0.999999944,3,8,FALSE,Bacteria,b8308f7a6396ca70031d1d7d66c9ff35,3,,3,0,,,0,0.65031898,FALSE,0,b8308f7a6396ca70031d1d7d66c9ff35,1090,k__Bacteria; p__Acidobacteria; c__[Chloracidobacteria]; o__RB41; f__Ellin6075; g__; s__,0.33333333
78,4.13596491,0.07177319,0.24178155,0,0.999999998,7,7,FALSE,Bacteria,15ce816d04a72a4e159b1381107fe1da,3.14285714,Clustered,7,0,,,0,0.71491228,FALSE,0,15ce816d04a72a4e159b1381107fe1da,5778,k__Bacteria; p__Actinobacteria; c__Actinobacteria; o__Micrococcales; f__; g__; s__,0.14285714
481,4.56578947,0.01739846,0.21902017,0,0.99999997,3,8,FALSE,Bacteria,b679c02262280efd2453238ed31eaba9,5.33333333,,3,0,,,0,0.67583732,FALSE,0,b679c02262280efd2453238ed31eaba9,1646,k__Bacteria; p__Acidobacteria; c__[Chloracidobacteria]; o__RB41; f__Ellin6075; g__; s__,0.33333333