SUID,AverageShortestPathLength,BetweennessCentrality,ClosenessCentrality,ClusteringCoefficient,confidence,Degree,Eccentricity,IsSingleNode,kingdom,name,NeighborhoodConnectivity,Node_Status,NumberOfDirectedEdges,Radiality,selected,SelfLoops,shared name,Stress,taxonomy,TopologicalCoefficient
869,4.53157895,0.0591102,0.22067364,0.04761905,0.798804425,7,8,FALSE,Fungi,dffa3aa867273816713072bf41a4d99e,3.57142857,Clustered,7,0.70570175,FALSE,0,dffa3aa867273816713072bf41a4d99e,4492,k__Fungi;p__Ascomycota,0.17857143
870,4.28421053,0.09018385,0.23341523,0.04761905,0.978854759,7,8,FALSE,Fungi,3ee4c94dca2e32a3ae43fb9d796c4ffe,3,Clustered,7,0.72631579,FALSE,0,3ee4c94dca2e32a3ae43fb9d796c4ffe,6032,k__Fungi,0.16326531
994,4.44210526,0.05046202,0.22511848,0.13333333,0.999670017,6,8,FALSE,Fungi,83c94f7a380d7a207168276c747c1d0a,4.5,Clustered,6,0.71315789,FALSE,0,83c94f7a380d7a207168276c747c1d0a,4300,k__Fungi;p__Ascomycota;c__Dothideomycetes;o__Capnodiales;f__Cladosporiaceae;g__Cladosporium,0.22222222
838,4.61052632,0.04467799,0.21689498,0.13333333,0.981554151,6,8,FALSE,Fungi,b2161ed6398e721bd35c10f0b7b32497,4.5,Clustered,6,0.69912281,FALSE,0,b2161ed6398e721bd35c10f0b7b32497,3016,k__Fungi;p__Ascomycota;c__Eurotiomycetes;o__Eurotiales;f__Aspergillaceae;g__Aspergillus;s__Aspergillus_tamarii,0.21052632
840,4.38421053,0.1020825,0.22809124,0.06666667,0.999888705,6,8,FALSE,Fungi,d71d604bffdf1a8e01171eed3dc9609c,3.66666667,Clustered,6,0.71798246,FALSE,0,d71d604bffdf1a8e01171eed3dc9609c,6452,k__Fungi;p__Ascomycota;c__Eurotiomycetes;o__Eurotiales;f__Aspergillaceae;g__Aspergillus;s__Aspergillus_sp,0.1875
150,4.08947368,0.1075673,0.24453024,0,0.994825855,6,7,FALSE,Bacteria,e0fb2ba73f3950427afa72947668c71e,4.83333333,Clustered,6,0.74254386,FALSE,0,e0fb2ba73f3950427afa72947668c71e,6914,k__Bacteria; p__Actinobacteria; c__Thermoleophilia; o__Solirubrobacterales; f__; g__; s__,0.18253968
867,4.32105263,0.07675211,0.23142509,0.06666667,0.839412452,6,8,FALSE,Fungi,4a583adb7f73aee01cef4bf8cb6f153b,4.16666667,Clustered,6,0.72324561,FALSE,0,4a583adb7f73aee01cef4bf8cb6f153b,5220,k__Fungi;p__Basidiomycota;c__Agaricomycetes;o__Trechisporales;f__Hydnodontaceae;g__Trechispora;s__unidentified,0.20588235
464,4.63684211,0.03962804,0.21566402,0.2,0.999778316,6,8,FALSE,Bacteria,453b793910e9449da208ccfc1dd969ff,3.83333333,,6,0.69692982,FALSE,0,453b793910e9449da208ccfc1dd969ff,2996,k__Bacteria; p__Proteobacteria; c__Deltaproteobacteria; o__Myxococcales; f__Myxococcaceae; g__; s__,0.25
846,4.71052632,0.07447165,0.2122905,0,0.995523305,6,8,FALSE,Fungi,db6aee4b36483b160142ec74960d8097,3.16666667,Clustered,6,0.69078947,FALSE,0,db6aee4b36483b160142ec74960d8097,4736,k__Fungi;p__Ascomycota;c__Sordariomycetes;o__Hypocreales;f__Bionectriaceae;g__Clonostachys;s__Clonostachys_rosea,0.18055556
849,4.53157895,0.02966113,0.22067364,0.2,0.996566285,5,8,FALSE,Fungi,5143a16f7304a67659163b53236ae755,5,Clustered,5,0.70570175,FALSE,0,5143a16f7304a67659163b53236ae755,2590,k__Fungi;p__Mortierellomycota;c__Mortierellomycetes;o__Mortierellales;f__Mortierellaceae;g__Mortierella;s__Mortierella_alpina,0.28235294
1018,4.64210526,0.03505613,0.2154195,0.3,0.999965584,5,8,FALSE,Fungi,36e46d10d77d98f351862f5534853d95,5.4,Clustered,5,0.69649123,FALSE,0,36e46d10d77d98f351862f5534853d95,2686,k__Fungi;p__Ascomycota;c__Leotiomycetes;o__Helotiales;f__Helotiaceae;g__Scytalidium;s__Scytalidium_lignicola,0.26
1031,5.14210526,0.02818906,0.19447288,0.1,0.996692835,5,9,FALSE,Fungi,8feaea96d9d8d8c7dc81779ca75700dc,3.6,Clustered,5,0.65482456,FALSE,0,8feaea96d9d8d8c7dc81779ca75700dc,2510,k__Fungi;p__Basidiomycota;c__Agaricomycetes;o__Auriculariales,0.25
924,4.69473684,0.05774298,0.21300448,0,0.820463665,5,9,FALSE,Fungi,fbe1062174734872eb36c57342843a10,3.8,,5,0.69210526,FALSE,0,fbe1062174734872eb36c57342843a10,4570,k__Fungi;p__Ascomycota;c__Sordariomycetes;o__Hypocreales;f__unidentified;g__unidentified;s__unidentified,0.23333333
1471,5.06842105,0.05122167,0.1973001,0,0.800878915,5,8,FALSE,Fungi,aeceb38bb17c79346bcb553d00c34afe,2.8,,5,0.66096491,FALSE,0,aeceb38bb17c79346bcb553d00c34afe,2940,k__Fungi;p__Ascomycota;c__Dothideomycetes;o__Pleosporales;f__Pleosporales_fam_Incertae_sedis;g__Berkleasmium;s__unidentified,0.2
1052,4.68947368,0.04893315,0.21324355,0.1,0.999707351,5,9,FALSE,Fungi,d3a9929b7f662c543c842fe1d62d4144,3.6,Clustered,5,0.69254386,FALSE,0,d3a9929b7f662c543c842fe1d62d4144,3104,k__Fungi;p__Ascomycota;c__Sordariomycetes;o__Hypocreales;f__Nectriaceae;g__Cylindrocarpon;s__unidentified,0.23076923
1472,4.62105263,0.07072929,0.21640091,0,0.999995713,5,8,FALSE,Fungi,2a3c30645555faae23cc86e0ec21234a,3.4,,5,0.69824561,FALSE,0,2a3c30645555faae23cc86e0ec21234a,4518,k__Fungi;p__Basidiomycota;c__Malasseziomycetes;o__Malasseziales;f__Malasseziaceae;g__Malassezia;s__Malassezia_restricta,0.2
1010,4.55789474,0.07240062,0.21939954,0,0.713282618,5,9,FALSE,Fungi,f990870b864b27cf6cec54d6aa827d28,3.8,Clustered,5,0.70350877,FALSE,0,f990870b864b27cf6cec54d6aa827d28,4942,k__Fungi;p__Ascomycota;c__Sordariomycetes;o__Hypocreales;f__unidentified;g__unidentified;s__unidentified,0.21538462
1017,4.32631579,0.0689805,0.23114355,0,0.999996326,5,9,FALSE,Fungi,33c5a7be0e4bb143023e1bc93f4ddcb4,4,Clustered,5,0.72280702,FALSE,0,33c5a7be0e4bb143023e1bc93f4ddcb4,4994,k__Fungi;p__Basidiomycota;c__Agaricomycetes;o__Agaricales;f__Pluteaceae;g__Pluteus;s__Pluteus_longistriatus,0.2
852,4.36315789,0.08787927,0.2291918,0,0.939372039,5,8,FALSE,Fungi,07e078860651dfd49236b055f2d0adfc,4.4,Clustered,5,0.71973684,FALSE,0,07e078860651dfd49236b055f2d0adfc,5670,k__Fungi;p__Ascomycota;c__Leotiomycetes;o__Helotiales;f__Helotiaceae;g__Scytalidium;s__Scytalidium_sphaerosporum,0.2125
1025,4.53157895,0.05680453,0.22067364,0,0.999977189,5,9,FALSE,Fungi,2b474c4730aa7f65f673ffd6a53befb5,3.6,Clustered,5,0.70570175,FALSE,0,2b474c4730aa7f65f673ffd6a53befb5,3606,k__Fungi;p__Ascomycota;c__Sordariomycetes;o__Sordariales;f__Sordariales_fam_Incertae_sedis;g__Staphylotrichum;s__Staphylotrichum_coccosporum,0.2
469,4.86315789,0.06205125,0.20562771,0.1,0.999999866,5,10,FALSE,Archaea,5ab7f98a81eeb9e1c0204f01eafa4b91,3.2,,5,0.67807018,FALSE,0,5ab7f98a81eeb9e1c0204f01eafa4b91,3804,k__Archaea; p__Crenarchaeota; c__Thaumarchaeota; o__Nitrososphaerales; f__Nitrososphaeraceae; g__Candidatus Nitrososphaera; s__SCA1170,0.23636364
926,4.64736842,0.05547463,0.21517554,0.1,0.999942253,5,8,FALSE,Fungi,67b4d7c5f75e7830e94e78f91ebb413e,4.2,Clustered,5,0.69605263,FALSE,0,67b4d7c5f75e7830e94e78f91ebb413e,3756,k__Fungi;p__Ascomycota;c__Orbiliomycetes;o__unidentified;f__unidentified;g__unidentified;s__unidentified,0.225
174,4.74210526,0.04964262,0.2108768,0.1,0.999149585,5,9,FALSE,Bacteria,71a7756ec240c19e19c8ce5690b0622b,3.6,Clustered,5,0.68815789,FALSE,0,71a7756ec240c19e19c8ce5690b0622b,3064,k__Bacteria; p__Proteobacteria; c__Gammaproteobacteria; o__Thiotrichales; f__Piscirickettsiaceae; g__; s__,0.25
855,5.34736842,0.02457223,0.18700787,0,0.999999401,4,10,FALSE,Fungi,ef18e1cc722e195c6713d8a4bc13a163,2.75,Clustered,4,0.6377193,FALSE,0,ef18e1cc722e195c6713d8a4bc13a163,1482,k__Fungi;p__Ascomycota;c__Eurotiomycetes;o__Eurotiales;f__Aspergillaceae;g__Aspergillus;s__Aspergillus_purpureus,0.25
842,4.9,0.01879561,0.20408163,0,0.901807605,4,9,FALSE,Fungi,070d7ae569ca76eddd85fb00e9422801,4.5,Clustered,4,0.675,FALSE,0,070d7ae569ca76eddd85fb00e9422801,1516,k__Fungi;p__Ascomycota;c__Sordariomycetes;o__Hypocreales;f__unidentified;g__unidentified;s__unidentified,0.26923077
1033,4.76315789,0.05615265,0.20994475,0,0.789660208,4,9,FALSE,Fungi,8a2c398df64579afcbd41ab900f5b3cf,3.75,Clustered,4,0.68640351,FALSE,0,8a2c398df64579afcbd41ab900f5b3cf,3508,k__Fungi;p__Ascomycota;c__Sordariomycetes;o__Hypocreales;f__Nectriaceae;g__Gibberella;s__Gibberella_intricans,0.25
861,4.94210526,0.02409095,0.20234292,0,0.924033761,4,8,FALSE,Fungi,7b3c81d80fd2ba70d52184d98c0110c5,3.75,Clustered,4,0.67149123,FALSE,0,7b3c81d80fd2ba70d52184d98c0110c5,1938,k__Fungi;p__Ascomycota;c__Dothideomycetes;o__Pleosporales,0.25
930,4.71578947,0.02521991,0.21205357,0,0.999999717,4,8,FALSE,Fungi,d09e1da03f5de31a444728c8e2fcb157,5.25,Clustered,4,0.69035088,FALSE,0,d09e1da03f5de31a444728c8e2fcb157,2044,k__Fungi;p__Ascomycota;c__Eurotiomycetes;o__Onygenales;f__Onygenales_fam_Incertae_sedis;g__Chrysosporium;s__Chrysosporium_pilosum,0.28333333
923,5.5,0.01669969,0.18181818,0.16666667,0.998145196,4,9,FALSE,Fungi,754cbbd230c5b10124f04b68f37c1dfe,3,Clustered,4,0.625,FALSE,0,754cbbd230c5b10124f04b68f37c1dfe,868,k__Fungi;p__Basidiomycota;c__Agaricomycetes;o__Agaricales;f__Agaricaceae;g__unidentified;s__unidentified,0.3125
931,4.82105263,0.02037183,0.20742358,0,0.738418679,4,8,FALSE,Fungi,614042b2373f65f34e6c19812dbb7217,4,Clustered,4,0.68157895,FALSE,0,614042b2373f65f34e6c19812dbb7217,1450,k__Fungi;p__Ascomycota;c__Sordariomycetes;o__Xylariales;f__Xylariaceae,0.25
1470,4.46842105,0.04945944,0.2237927,0,0.809481732,4,9,FALSE,Fungi,13d03add1980e56e6d1fee3fd78135d7,4.25,,4,0.71096491,FALSE,0,13d03add1980e56e6d1fee3fd78135d7,3448,k__Fungi;p__Ascomycota;c__Sordariomycetes,0.27083333
878,4.64210526,0.0317652,0.2154195,0,0.999941128,4,9,FALSE,Fungi,0a5062be882ceda47439aa22501d9408,4,Clustered,4,0.69649123,FALSE,0,0a5062be882ceda47439aa22501d9408,2566,k__Fungi;p__Ascomycota;c__Sordariomycetes;o__Sordariales;f__Chaetomiaceae;g__Dichotomopilus;s__Dichotomopilus_indicus,0.25
932,4.72105263,0.0330709,0.21181717,0,0.99999995,4,9,FALSE,Fungi,bd486270fbfe3e7b4c41320e403dd8b6,3.5,Clustered,4,0.68991228,FALSE,0,bd486270fbfe3e7b4c41320e403dd8b6,2034,k__Fungi;p__Ascomycota;c__Sordariomycetes;o__Hypocreales;f__Hypocreales_fam_Incertae_sedis;g__Acremonium;s__Acremonium_persicinum,0.25
1036,4.87368421,0.05997582,0.20518359,0.16666667,0.700378384,4,9,FALSE,Fungi,7f89100f9452b0e3f27d42f0347151a9,4.25,Clustered,4,0.67719298,FALSE,0,7f89100f9452b0e3f27d42f0347151a9,3444,k__Fungi;p__Ascomycota;c__Sordariomycetes;o__Boliniales;f__Boliniales_fam_Incertae_sedis;g__Rhexoacrodictys,0.28846154
74,5.2,0.03492483,0.19230769,0.33333333,0.999972302,4,10,FALSE,Bacteria,e44a7e443eeda68dad38ea2a2d843fb9,3.5,Clustered,4,0.65,FALSE,0,e44a7e443eeda68dad38ea2a2d843fb9,2132,k__Bacteria; p__Cyanobacteria; c__Nostocophycideae; o__Nostocales; f__Nostocaceae,0.36111111
1015,4.38421053,0.05786115,0.22809124,0,0.993899176,4,7,FALSE,Fungi,071fd6b9abc5e77e5c3f1bb207a75f43,4.75,Clustered,4,0.71798246,FALSE,0,071fd6b9abc5e77e5c3f1bb207a75f43,3926,k__Fungi;p__Basidiomycota;c__Agaricomycetes;o__Polyporales;f__Ganodermataceae;g__Ganoderma;s__Ganoderma_australe,0.25
1012,4.64736842,0.03300493,0.21517554,0,0.902977011,4,8,FALSE,Fungi,f662e396607aff4078219f0b2aed771b,3.75,Clustered,4,0.69605263,FALSE,0,f662e396607aff4078219f0b2aed771b,2396,k__Fungi;p__Ascomycota;c__Leotiomycetes;o__Helotiales;f__Helotiaceae;g__Scytalidium;s__Scytalidium_sphaerosporum,0.25
958,4.73684211,0.02827222,0.21111111,0,0.999434575,4,8,FALSE,Fungi,e78de4012f3d6477d33b267b2cdff1b4,3,Clustered,4,0.68859649,FALSE,0,e78de4012f3d6477d33b267b2cdff1b4,1894,k__Fungi;p__Ascomycota;c__Sordariomycetes;o__Hypocreales;f__Hypocreaceae;g__Trichoderma,0.25
1023,4.96315789,0.03612545,0.20148462,0,0.999447734,4,8,FALSE,Fungi,c9134033543bea84e32c8c2785bcbb62,3,Seed,4,0.66973684,FALSE,0,c9134033543bea84e32c8c2785bcbb62,2340,k__Fungi;p__Ascomycota;c__Sordariomycetes;o__Hypocreales;f__Stachybotryaceae;g__unidentified;s__unidentified,0.25
1473,4.74736842,0.03843298,0.21064302,0,0.999983946,4,8,FALSE,Fungi,46cead2691115a48947e1ba4bae4e1ac,4,,4,0.6877193,FALSE,0,46cead2691115a48947e1ba4bae4e1ac,2746,k__Fungi;p__Ascomycota;c__Sordariomycetes;o__Sordariales;f__Sordariales_fam_Incertae_sedis;g__Conlarium;s__unidentified,0.25
106,4.78947368,0.02662867,0.20879121,0.16666667,0.999980014,4,9,FALSE,Bacteria,c74607d56160786ef4c00f59128b7164,3.75,Clustered,4,0.68421053,FALSE,0,c74607d56160786ef4c00f59128b7164,1646,k__Bacteria; p__Proteobacteria; c__Betaproteobacteria; o__Ellin6067; f__; g__; s__,0.29545455
101,4.67368421,0.02812659,0.21396396,0.33333333,0.999983578,4,9,FALSE,Bacteria,25f9d86a04fe0564082e924a8d52726a,4.25,Clustered,4,0.69385965,FALSE,0,25f9d86a04fe0564082e924a8d52726a,1804,k__Bacteria; p__Proteobacteria; c__Betaproteobacteria; o__Ellin6067; f__; g__; s__,0.32692308
1013,4.72631579,0.03426517,0.21158129,0,0.998617059,4,9,FALSE,Fungi,d1d017787bec14594dfad51ff70f9ba5,4.25,Clustered,4,0.68947368,FALSE,0,d1d017787bec14594dfad51ff70f9ba5,2322,k__Fungi;p__Ascomycota;c__Sordariomycetes;o__Sordariales;f__Chaetomiaceae,0.25
868,4.91052632,0.04466626,0.20364416,0,0.999998035,4,9,FALSE,Fungi,3119f81576d973afb09e1ab14d58b0a2,3.5,Clustered,4,0.67412281,FALSE,0,3119f81576d973afb09e1ab14d58b0a2,2840,k__Fungi;p__Ascomycota;c__Dothideomycetes,0.25
127,5.05263158,0.03169089,0.19791667,0,0.776333689,4,9,FALSE,Bacteria,3822ef1733f45f7645c68d25d69ae154,2.5,Clustered,4,0.6622807,FALSE,0,3822ef1733f45f7645c68d25d69ae154,2040,k__Bacteria; p__Gemmatimonadetes; c__Gemmatimonadetes; o__; f__; g__; s__,0.25
879,4.74210526,0.04846057,0.2108768,0.16666667,0.999444735,4,9,FALSE,Fungi,702208e8705cc895db13623a372f517b,4,Clustered,4,0.68815789,FALSE,0,702208e8705cc895db13623a372f517b,2826,k__Fungi;p__Ascomycota;c__Leotiomycetes;o__Helotiales;f__Helotiaceae;g__Scytalidium;s__unidentified,0.29166667
929,5.03684211,0.05180937,0.1985371,0,0.999992878,4,9,FALSE,Fungi,66b18a6fa9ddbc2b03d896d9f5db211d,3.25,,4,0.66359649,FALSE,0,66b18a6fa9ddbc2b03d896d9f5db211d,3732,k__Fungi;p__Ascomycota;c__Sordariomycetes;o__Hypocreales;f__Cordycipitaceae;g__Beauveria;s__unidentified,0.25
851,4.83157895,0.02320073,0.20697168,0.16666667,0.896986729,4,9,FALSE,Fungi,378b7df604d470bcb01e45f62ca645b5,4,Clustered,4,0.68070175,FALSE,0,378b7df604d470bcb01e45f62ca645b5,1486,k__Fungi,0.29166667
1020,4.7,0.02698977,0.21276596,0,0.99671204,4,9,FALSE,Fungi,8b5e02e9cfe8c8adc32806a4fba2125b,3.75,Clustered,4,0.69166667,FALSE,0,8b5e02e9cfe8c8adc32806a4fba2125b,1998,k__Fungi;p__Ascomycota;c__Dothideomycetes;o__Capnodiales;f__Capnodiaceae;g__unidentified;s__unidentified,0.25
1040,5.05263158,0.02988722,0.19791667,0.16666667,0.996616277,4,9,FALSE,Fungi,95f348d6d1be674bd18a91617ace41a1,4.25,Clustered,4,0.6622807,FALSE,0,95f348d6d1be674bd18a91617ace41a1,1728,k__Fungi;p__Ascomycota;c__Eurotiomycetes;o__Eurotiales;f__Aspergillaceae;g__Penicillium,0.28846154
460,4.41578947,0.02997651,0.22646007,0,0.792119396,4,8,FALSE,Bacteria,2767bbc065ade346b30518f073dd0d09,4.5,,4,0.71535088,FALSE,0,2767bbc065ade346b30518f073dd0d09,2394,k__Bacteria; p__Proteobacteria; c__Alphaproteobacteria; o__Rhizobiales; f__Hyphomicrobiaceae; g__Rhodoplanes; s__,0.26923077
185,4.51578947,0.04896288,0.22144522,0,0.999999998,4,7,FALSE,Bacteria,687e88147b8464f687fa834354290451,3.5,Clustered,4,0.70701754,FALSE,0,687e88147b8464f687fa834354290451,2974,k__Bacteria; p__Actinobacteria; c__Actinobacteria; o__Micrococcales; f__; g__; s__,0.25
108,4.57368421,0.04098925,0.21864212,0,0.999780944,4,8,FALSE,Bacteria,5ea833a573041227c30e980d332993c5,3.25,Clustered,4,0.70219298,FALSE,0,5ea833a573041227c30e980d332993c5,2260,k__Bacteria; p__Proteobacteria; c__Gammaproteobacteria; o__Xanthomonadales; f__Sinobacteraceae; g__; s__,0.25
157,5.03684211,0.01021677,0.1985371,0.33333333,0.999972883,4,9,FALSE,Bacteria,29fed5df516c8cc02c8cd7a17704d5a2,3.75,Clustered,4,0.66359649,FALSE,0,29fed5df516c8cc02c8cd7a17704d5a2,760,k__Bacteria; p__Proteobacteria; c__Betaproteobacteria; o__Ellin6067; f__; g__; s__,0.38888889
872,5.11052632,0.0317173,0.19567456,0,0.759107595,4,10,FALSE,Fungi,be090d0affdb948e0ecc9b365ff2c00c,3.25,Clustered,4,0.65745614,FALSE,0,be090d0affdb948e0ecc9b365ff2c00c,1998,k__Fungi;p__Ascomycota;c__Sordariomycetes;o__Hypocreales;f__Nectriaceae;g__Fusarium,0.25
152,4.87894737,0.01129164,0.20496224,0.33333333,0.999976676,4,9,FALSE,Bacteria,3ff96bf2e11d76b94130d7b02154805d,5,Clustered,4,0.67675439,FALSE,0,3ff96bf2e11d76b94130d7b02154805d,980,k__Bacteria; p__Proteobacteria; c__Betaproteobacteria; o__Ellin6067; f__; g__; s__,0.36538462
462,4.94210526,0.02188702,0.20234292,0.16666667,0.999999984,4,9,FALSE,Bacteria,a70a3c1efe0517c9797441d2a37d8321,4.25,,4,0.67149123,FALSE,0,a70a3c1efe0517c9797441d2a37d8321,1458,k__Bacteria; p__Proteobacteria; c__Gammaproteobacteria; o__Legionellales; f__Coxiellaceae; g__Aquicella; s__,0.3125
1474,4.6,0.03201065,0.2173913,0,0.980408568,4,8,FALSE,Fungi,318f5f8dfcbdb1ce426b5289653bbafc,3.25,,4,0.7,FALSE,0,318f5f8dfcbdb1ce426b5289653bbafc,2184,k__Fungi;p__Glomeromycota;c__Paraglomeromycetes;o__unidentified;f__unidentified;g__unidentified;s__unidentified,0.25
1027,4.89473684,0.03451709,0.20430108,0,0.935023059,4,9,FALSE,Fungi,9abe67b5d73e8b051aa95c9157f401eb,3.5,Clustered,4,0.6754386,FALSE,0,9abe67b5d73e8b051aa95c9157f401eb,2460,k__Fungi;p__Ascomycota;c__Sordariomycetes;o__Sordariales;f__Lasiosphaeriaceae;g__Cercophora;s__unidentified,0.27777778
197,5.15789474,0.03243658,0.19387755,0.16666667,0.999706885,4,10,FALSE,Bacteria,142848ac26b587c9416e719223724741,3.75,Clustered,4,0.65350877,FALSE,0,142848ac26b587c9416e719223724741,2238,k__Bacteria; p__Proteobacteria; c__Alphaproteobacteria; o__Rhizobiales,0.29545455
148,5.22631579,0.03594722,0.19133938,0.16666667,0.999972908,4,10,FALSE,Bacteria,9ae115d0efcc5973d6042e4e34ce14f9,3.5,Clustered,4,0.64780702,FALSE,0,9ae115d0efcc5973d6042e4e34ce14f9,2228,k__Bacteria; p__Cyanobacteria; c__Nostocophycideae; o__Nostocales; f__Nostocaceae,0.33333333
190,5.23684211,0.03291895,0.19095477,0,0.99997054,4,9,FALSE,Bacteria,580a6be2820ebbcd809ac62479fa7f10,2.75,Clustered,4,0.64692982,FALSE,0,580a6be2820ebbcd809ac62479fa7f10,1954,k__Bacteria; p__Cyanobacteria; c__Nostocophycideae; o__Nostocales; f__Nostocaceae,0.25
475,4.83157895,0.03102035,0.20697168,0.16666667,0.999999988,4,8,FALSE,Bacteria,fd9c564a1f3fbbd46d876d91e0f19062,4,,4,0.68070175,FALSE,0,fd9c564a1f3fbbd46d876d91e0f19062,2038,k__Bacteria; p__Actinobacteria; c__Thermoleophilia; o__Solirubrobacterales; f__; g__; s__,0.31818182
1475,5.83157895,0.01916015,0.17148014,0,0.988378931,4,10,FALSE,Fungi,2188e88c689f04f7e46f2c1e6999a959,3,,4,0.59736842,FALSE,0,2188e88c689f04f7e46f2c1e6999a959,1266,k__Fungi;p__Ascomycota;c__Pezizomycetes;o__Pezizales;f__Pezizaceae;g__unidentified;s__unidentified,0.25
1476,4.56315789,0.06319755,0.21914648,0,0.999999921,4,9,FALSE,Fungi,5f16fb9508b52c558e5cfaff2e31d69d,4.5,,4,0.70307018,FALSE,0,5f16fb9508b52c558e5cfaff2e31d69d,4290,k__Fungi;p__Ascomycota;c__Dothideomycetes;o__Venturiales;f__Sympoventuriaceae;g__Scolecobasidium;s__Scolecobasidium_constrictum,0.25
483,4.93157895,0.02067199,0.20277481,0.16666667,0.987209548,4,8,FALSE,Bacteria,1b9200eff1bb93d1a55fa842e053132c,2.75,,4,0.67236842,FALSE,0,1b9200eff1bb93d1a55fa842e053132c,1350,k__Bacteria; p__Proteobacteria; c__Alphaproteobacteria; o__Rhodospirillales; f__Rhodospirillaceae; g__; s__,0.32142857
844,4.87368421,0.01873534,0.20518359,0,0.990171703,3,8,FALSE,Fungi,dd53586548c8a01f5333a89771d85550,4.33333333,Clustered,3,0.67719298,FALSE,0,dd53586548c8a01f5333a89771d85550,1318,k__Fungi;p__Ascomycota;c__Sordariomycetes;o__Hypocreales;f__Stachybotryaceae;g__Achroiostachys;s__Achroiostachys_phyllophila,0.33333333
1469,5.26842105,0.02178247,0.18981019,0,0.875906838,3,10,FALSE,Fungi,10b7a9e61d35e8e20f3201a4edf307c9,3,,3,0.64429825,FALSE,0,10b7a9e61d35e8e20f3201a4edf307c9,1380,k__Fungi;p__Ascomycota;c__Sordariomycetes,0.33333333
876,4.72631579,0.02524301,0.21158129,0.33333333,0.957313296,3,9,FALSE,Fungi,c43865450fb33105291dd33c39621029,5.33333333,Clustered,3,0.68947368,FALSE,0,c43865450fb33105291dd33c39621029,1798,k__Fungi;p__Ascomycota;c__Dothideomycetes;o__Pleosporales;f__Cucurbitariaceae,0.38461538
880,5.28947368,0.00433341,0.18905473,0,0.946202293,3,9,FALSE,Fungi,ea3a88b1ad879e8cf640539ac5af207b,3.33333333,Clustered,3,0.64254386,FALSE,0,ea3a88b1ad879e8cf640539ac5af207b,392,k__Fungi;p__Ascomycota;c__Sordariomycetes;o__Hypocreales;f__Nectriaceae;g__Fusarium;s__Fusarium_solani,0.38888889
956,5.43684211,0.01130604,0.1839303,0.33333333,0.983723721,3,9,FALSE,Fungi,257017ae5c0a050942341c93b36a1038,3.33333333,Clustered,3,0.63026316,FALSE,0,257017ae5c0a050942341c93b36a1038,658,k__Fungi;p__Ascomycota;c__Leotiomycetes;o__Helotiales;f__Helotiaceae;g__Tetracladium;s__Tetracladium_furcatum,0.42857143
963,5.30526316,0.01078291,0.18849206,0.33333333,0.746775935,3,9,FALSE,Fungi,ffe6cc828c38abf56461aed3e60b1cee,4,Clustered,3,0.64122807,FALSE,0,ffe6cc828c38abf56461aed3e60b1cee,676,k__Fungi;p__Ascomycota;c__Sordariomycetes;o__Xylariales;f__Xylariaceae;g__Ascotricha;s__Ascotricha_chartarum,0.40740741
1021,5.35789474,0.02135708,0.18664047,0,0.865370397,3,9,FALSE,Fungi,f2e730f0c095b69e468c0c943da93aa1,3.66666667,Clustered,3,0.63684211,FALSE,0,f2e730f0c095b69e468c0c943da93aa1,1182,k__Fungi;p__Ascomycota;c__Pezizomycetes;o__Pezizales;f__unidentified;g__unidentified;s__unidentified,0.33333333
1047,4.75789474,0.03780178,0.21017699,0,0.977957454,3,8,FALSE,Fungi,efb1ca5fce5e1f1032c2cd96fe6dc238,5,Clustered,3,0.68684211,FALSE,0,efb1ca5fce5e1f1032c2cd96fe6dc238,2744,k__Fungi;p__Ascomycota;c__Eurotiomycetes;o__Chaetothyriales;f__Herpotrichiellaceae;g__Exophiala;s__unidentified,0.36363636
1019,5.31052632,0.0300267,0.18830525,0,0.987521465,3,9,FALSE,Fungi,9c92d568cbd3bc1350ac6a0e10df08a9,3.33333333,Clustered,3,0.64078947,FALSE,0,9c92d568cbd3bc1350ac6a0e10df08a9,1742,k__Fungi;p__Ascomycota;c__Sordariomycetes;o__Conioscyphales;f__Conioscyphaceae;g__Conioscypha;s__unidentified,0.33333333
1045,5.22631579,0.01565721,0.19133938,0,0.960892164,3,10,FALSE,Fungi,5c89f609e10cdfc12d9b507bccac07b1,3.66666667,Clustered,3,0.64780702,FALSE,0,5c89f609e10cdfc12d9b507bccac07b1,1146,k__Fungi;p__Rozellomycota;c__unidentified;o__unidentified;f__unidentified;g__unidentified;s__unidentified,0.33333333
184,5.45789474,0.02795264,0.18322083,0,0.999280553,3,10,FALSE,Bacteria,ac4f244aaddc47599a000dd2a38efe2c,3,Clustered,3,0.62850877,FALSE,0,ac4f244aaddc47599a000dd2a38efe2c,1854,k__Bacteria; p__Acidobacteria; c__Acidobacteria-6; o__iii1-15; f__mb2424; g__; s__,0.33333333
203,5.81052632,0.01440666,0.17210145,0.33333333,0.999974043,3,11,FALSE,Bacteria,41f1529d49318279a172d84038b79ee4,3.66666667,Clustered,3,0.59912281,FALSE,0,41f1529d49318279a172d84038b79ee4,982,k__Bacteria; p__Cyanobacteria; c__Nostocophycideae; o__Nostocales; f__Nostocaceae,0.47619048
151,5.7,0.00342496,0.1754386,0.66666667,0.999975062,3,11,FALSE,Bacteria,0ad1923764af1e7a083e0c6a7087ad65,3.66666667,Clustered,3,0.60833333,FALSE,0,0ad1923764af1e7a083e0c6a7087ad65,310,k__Bacteria; p__Cyanobacteria; c__Nostocophycideae; o__Nostocales; f__Nostocaceae,0.52380952
449,5.74736842,0.0186404,0.17399267,0,0.999400015,3,9,FALSE,Bacteria,baf63e46a78e3c6daafc67592af558c7,3.33333333,,3,0.60438596,FALSE,0,baf63e46a78e3c6daafc67592af558c7,1054,k__Bacteria; p__Actinobacteria; c__Thermoleophilia; o__Gaiellales; f__Gaiellaceae; g__; s__,0.33333333
100,5.19473684,0.01459726,0.19250253,0,0.999929788,3,10,FALSE,Bacteria,a4099dce6fc71ab784cfafbccecc72a9,3.33333333,Clustered,3,0.6504386,FALSE,0,a4099dce6fc71ab784cfafbccecc72a9,974,k__Bacteria; p__Proteobacteria; c__Deltaproteobacteria; o__Myxococcales; f__Myxococcaceae; g__; s__,0.33333333
850,4.96315789,0.02613615,0.20148462,0,0.852692951,3,8,FALSE,Fungi,8d7905c6b16a8d64e4b04aa8c3eb7699,4,Clustered,3,0.66973684,FALSE,0,8d7905c6b16a8d64e4b04aa8c3eb7699,1554,k__Fungi;p__Ascomycota;c__Dothideomycetes;o__Botryosphaeriales;f__Botryosphaeriaceae;g__Lasiodiplodia;s__Lasiodiplodia_lignicola,0.33333333
443,5.58421053,0.01218294,0.17907634,0,0.999971197,3,9,FALSE,Bacteria,cadc4847dce7b8552f0afc96301f55c5,3.33333333,,3,0.61798246,FALSE,0,cadc4847dce7b8552f0afc96301f55c5,1012,k__Bacteria; p__Actinobacteria; c__Thermoleophilia; o__Solirubrobacterales; f__Patulibacteraceae; g__; s__,0.38888889
874,4.92631579,0.01396565,0.20299145,0,0.778524583,3,10,FALSE,Fungi,883303246001af6a4d701ba1c7b4abf3,3.66666667,Clustered,3,0.67280702,FALSE,0,883303246001af6a4d701ba1c7b4abf3,1124,k__Fungi;p__Basidiomycota;c__Agaricomycetes;o__Boletales;f__Coniophoraceae;g__Coniophora,0.33333333
91,5.56315789,0.01799229,0.17975402,0,0.999491487,3,10,FALSE,Bacteria,8c78a43745377754c177a37fadd42195,2.33333333,Clustered,3,0.61973684,FALSE,0,8c78a43745377754c177a37fadd42195,1102,k__Bacteria; p__Proteobacteria; c__Gammaproteobacteria; o__Xanthomonadales; f__Sinobacteraceae; g__; s__,0.33333333
444,5.84736842,0.02094124,0.1710171,0.33333333,0.862343491,3,10,FALSE,Bacteria,2e19ab616a99bfa85d8b7bd33fd17727,2.66666667,,3,0.59605263,FALSE,0,2e19ab616a99bfa85d8b7bd33fd17727,1180,k__Bacteria; p__Bacteroidetes; c__[Saprospirae]; o__[Saprospirales]; f__Chitinophagaceae; g__; s__,0.46666667
858,4.98421053,0.02233324,0.20063358,0,0.998899328,3,9,FALSE,Fungi,b68738727f7a1c9e241b1534268b0546,3.33333333,Clustered,3,0.66798246,FALSE,0,b68738727f7a1c9e241b1534268b0546,1380,k__Fungi;p__Ascomycota;c__Sordariomycetes;o__Magnaporthales;f__Magnaporthaceae;g__Gaeumannomyces;s__Gaeumannomyces_radicicola,0.33333333
954,4.87368421,0.0145976,0.20518359,0,0.999995662,3,9,FALSE,Fungi,bb01d42065abd587515b0162708bf98a,3.66666667,Clustered,3,0.67719298,FALSE,0,bb01d42065abd587515b0162708bf98a,922,k__Fungi;p__Ascomycota;c__Sordariomycetes;o__Boliniales;f__Boliniales_fam_Incertae_sedis;g__Rhexoacrodictys;s__Rhexoacrodictys_erecta,0.33333333
447,5.07368421,0.01251716,0.19709544,0,0.999999235,3,8,FALSE,Bacteria,5248ff932062676df16e9098686b0ba6,3,,3,0.66052632,FALSE,0,5248ff932062676df16e9098686b0ba6,784,k__Bacteria; p__Actinobacteria; c__Acidimicrobiia; o__Acidimicrobiales; f__EB1017; g__; s__,0.33333333
871,5.87368421,0.02529965,0.1702509,0,0.999773728,3,10,FALSE,Fungi,0961cf8f1b5074801797358681641f3c,3,Clustered,3,0.59385965,FALSE,0,0961cf8f1b5074801797358681641f3c,2008,k__Fungi;p__Ascomycota;c__Sordariomycetes;o__Hypocreales;f__Hypocreaceae;g__Trichoderma;s__Trichoderma_aerugineum,0.4
172,6.34210526,0.01357786,0.15767635,0,0.991508367,3,11,FALSE,Bacteria,4c7b9df2d3f8d2b174457df047420340,2.33333333,Clustered,3,0.55482456,FALSE,0,4c7b9df2d3f8d2b174457df047420340,1082,k__Bacteria; p__Proteobacteria; c__Gammaproteobacteria; o__Thiotrichales; f__Piscirickettsiaceae; g__; s__,0.44444444
114,5.65263158,0.00965436,0.17690875,0,1,3,10,FALSE,Bacteria,66af9e9cd9ad7175d21a4f5e68ea957e,2.66666667,Clustered,3,0.6122807,FALSE,0,66af9e9cd9ad7175d21a4f5e68ea957e,704,k__Bacteria; p__Actinobacteria; c__Rubrobacteria; o__Rubrobacterales; f__Rubrobacteraceae; g__; s__,0.33333333
77,7.43684211,0.00747641,0.13446568,0.33333333,0.999865033,3,12,FALSE,Bacteria,8dc321db092dfde96b27ec7875538be9,2.33333333,Clustered,3,0.46359649,FALSE,0,8dc321db092dfde96b27ec7875538be9,406,k__Bacteria; p__Proteobacteria; c__Gammaproteobacteria; o__Xanthomonadales; f__Sinobacteraceae; g__Steroidobacter; s__,0.5
186,7.23684211,0.01221117,0.13818182,0.33333333,0.999802563,3,11,FALSE,Bacteria,07b4d679c6e07ee7e0339e06402725b8,2.33333333,Clustered,3,0.48026316,FALSE,0,07b4d679c6e07ee7e0339e06402725b8,750,k__Bacteria; p__Proteobacteria; c__Gammaproteobacteria; o__Xanthomonadales; f__Sinobacteraceae; g__Steroidobacter; s__,0.5
122,5.81578947,0.01761255,0.1719457,0,0.999972489,3,11,FALSE,Bacteria,397b787d412688af6cca2406b9f50d19,2.33333333,Clustered,3,0.59868421,FALSE,0,397b787d412688af6cca2406b9f50d19,1028,k__Bacteria; p__Cyanobacteria; c__Nostocophycideae; o__Nostocales; f__Nostocaceae,0.33333333
78,5.26842105,0.02911948,0.18981019,0,0.999999998,3,9,FALSE,Bacteria,15ce816d04a72a4e159b1381107fe1da,4,Clustered,3,0.64429825,FALSE,0,15ce816d04a72a4e159b1381107fe1da,1736,k__Bacteria; p__Actinobacteria; c__Actinobacteria; o__Micrococcales; f__; g__; s__,0.33333333
116,5.29473684,0.00928289,0.1888668,0.33333333,1,3,9,FALSE,Bacteria,2793dd05029141a96b679daae1152950,4.33333333,Clustered,3,0.64210526,FALSE,0,2793dd05029141a96b679daae1152950,792,k__Bacteria; p__Actinobacteria; c__Rubrobacteria; o__Rubrobacterales; f__Rubrobacteraceae; g__; s__,0.44444444
1030,5.23684211,0.03775906,0.19095477,0,0.728604403,3,9,FALSE,Fungi,47f5450c3c6b41b163a5424d8aa8df33,3.66666667,Clustered,3,0.64692982,FALSE,0,47f5450c3c6b41b163a5424d8aa8df33,2408,k__Fungi;p__Ascomycota;c__Sordariomycetes;o__Sordariales;f__unidentified;g__unidentified;s__unidentified,0.33333333
957,5.83157895,0.01503388,0.17148014,0,0.83446072,3,9,FALSE,Fungi,eabca7f74185ffe64a86e6ff2688dcfc,2.66666667,Clustered,3,0.59736842,FALSE,0,eabca7f74185ffe64a86e6ff2688dcfc,784,k__Fungi;p__Ascomycota;c__Dothideomycetes;o__Pleosporales;f__Periconiaceae;g__Periconia;s__Periconia_macrospinosa,0.33333333
138,5.82105263,0.01619485,0.17179024,0,0.999938347,3,9,FALSE,Bacteria,60d6dd89b995d7e992ac67bef9e37208,2.33333333,Clustered,3,0.59824561,FALSE,0,60d6dd89b995d7e992ac67bef9e37208,878,k__Bacteria; p__Actinobacteria; c__Thermoleophilia; o__Solirubrobacterales; f__Solirubrobacteraceae; g__; s__,0.33333333
456,5.06315789,0.04872967,0.1975052,0,0.959709018,3,10,FALSE,Bacteria,8cb8851cb87b1f4f07e130feb72d4fc5,3.66666667,,3,0.66140351,FALSE,0,8cb8851cb87b1f4f07e130feb72d4fc5,2796,k__Bacteria; p__Bacteroidetes; c__[Saprospirae]; o__[Saprospirales]; f__Chitinophagaceae; g__; s__,0.33333333
458,5.15789474,0.01473256,0.19387755,0,0.999343315,3,10,FALSE,Bacteria,2bf25ed1b1d393f2e4cbc7d257fbb3de,3,,3,0.65350877,FALSE,0,2bf25ed1b1d393f2e4cbc7d257fbb3de,1018,k__Bacteria; p__Proteobacteria; c__Gammaproteobacteria; o__Xanthomonadales; f__Sinobacteraceae; g__; s__,0.33333333
139,5.05263158,0.0229913,0.19791667,0,0.999489497,3,9,FALSE,Bacteria,5df7fe92c07542211019a1b1bf3cb1e3,3.33333333,Clustered,3,0.6622807,FALSE,0,5df7fe92c07542211019a1b1bf3cb1e3,1430,k__Bacteria; p__Acidobacteria; c__Acidobacteria-6; o__iii1-15; f__mb2424; g__; s__,0.33333333
104,5.75789474,0.00878649,0.17367459,0.33333333,0.769054105,3,10,FALSE,Bacteria,11e707b996b3c679046c442aa2ceacad,3,Clustered,3,0.60350877,FALSE,0,11e707b996b3c679046c442aa2ceacad,610,k__Bacteria; p__Proteobacteria; c__Alphaproteobacteria; o__Rhizobiales; f__Hyphomicrobiaceae; g__Rhodoplanes; s__,0.44444444
143,5.92105263,0.00649505,0.16888889,0.33333333,0.77226955,3,10,FALSE,Bacteria,9ed267dd89a77d456888b1bf350329bb,3,Clustered,3,0.58991228,FALSE,0,9ed267dd89a77d456888b1bf350329bb,382,k__Bacteria; p__Proteobacteria; c__Alphaproteobacteria; o__Rhizobiales; f__Hyphomicrobiaceae; g__Rhodoplanes; s__,0.44444444
459,5.28421053,0.00558018,0.18924303,0.33333333,0.999999992,3,9,FALSE,Bacteria,5d4f4d338694f074d57ee507e1998e17,4,,3,0.64298246,FALSE,0,5d4f4d338694f074d57ee507e1998e17,352,k__Bacteria; p__Actinobacteria; c__Thermoleophilia; o__Solirubrobacterales; f__; g__; s__,0.45833333
107,4.88421053,0.03158055,0.20474138,0,0.999999394,3,9,FALSE,Bacteria,a93c2ea6415452061b656d096ed5dbeb,4.33333333,Clustered,3,0.67631579,FALSE,0,a93c2ea6415452061b656d096ed5dbeb,2060,k__Bacteria; p__Proteobacteria; c__Gammaproteobacteria; o__Xanthomonadales; f__Sinobacteraceae; g__; s__,0.33333333
1050,5.08947368,0.01640497,0.19648397,0,0.94922097,3,9,FALSE,Fungi,b4a3a693750d6b38d9269b5e6931bf38,4.33333333,Clustered,3,0.65921053,FALSE,0,b4a3a693750d6b38d9269b5e6931bf38,1196,k__Fungi;p__Ascomycota;c__Sordariomycetes;o__Sordariales;f__Lasiosphaeriaceae;g__Schizothecium,0.37037037
163,5,0.02018083,0.2,0,0.999778095,3,10,FALSE,Bacteria,8af2312c3c3f8b911d884d1aaeaeda24,3.33333333,Clustered,3,0.66666667,FALSE,0,8af2312c3c3f8b911d884d1aaeaeda24,1286,k__Bacteria; p__Proteobacteria; c__Alphaproteobacteria; o__Rhizobiales,0.33333333
165,4.79473684,0.02085202,0.20856202,0,0.999773376,3,9,FALSE,Bacteria,743b8d235ac41c603b7bde91da7b9d7c,4,Clustered,3,0.68377193,FALSE,0,743b8d235ac41c603b7bde91da7b9d7c,1210,k__Bacteria; p__Proteobacteria; c__Alphaproteobacteria; o__Rhizobiales,0.33333333
133,5.77894737,0.01696322,0.17304189,0,0.999887096,3,9,FALSE,Bacteria,5b308300ae66caa744bc28b99889a5ef,3.33333333,Clustered,3,0.60175439,FALSE,0,5b308300ae66caa744bc28b99889a5ef,1162,k__Bacteria; p__Proteobacteria; c__Deltaproteobacteria; o__Myxococcales; f__Myxococcaceae; g__; s__,0.33333333
465,5.37894737,0.02647847,0.18590998,0,0.999999999,3,9,FALSE,Bacteria,a8b0c7f481b21fbe61bd12f14d17423e,3,,3,0.63508772,FALSE,0,a8b0c7f481b21fbe61bd12f14d17423e,1628,k__Bacteria; p__Actinobacteria; c__Rubrobacteria; o__Rubrobacterales; f__Rubrobacteraceae; g__; s__,0.33333333
180,4.77894737,0.03189049,0.2092511,0,0.993265035,3,10,FALSE,Bacteria,f3a50d55b1d391f8bdb3b329c2f5e6ff,4,Clustered,3,0.68508772,FALSE,0,f3a50d55b1d391f8bdb3b329c2f5e6ff,2122,k__Bacteria; p__Actinobacteria; c__Thermoleophilia; o__Solirubrobacterales; f__; g__; s__,0.33333333
468,4.99473684,0.03168672,0.20021075,0,0.979310732,3,8,FALSE,Bacteria,b801b9bc6ba56f9eecc385b4ee258924,3.66666667,,3,0.66710526,FALSE,0,b801b9bc6ba56f9eecc385b4ee258924,1978,k__Bacteria; p__Cyanobacteria; c__; o__; f__; g__; s__,0.33333333
471,5.13157895,0.0322287,0.19487179,0,0.999913989,3,9,FALSE,Bacteria,7a6ddb574cab3622bd68c83ca0cbe21a,4,,3,0.65570175,FALSE,0,7a6ddb574cab3622bd68c83ca0cbe21a,1878,k__Bacteria; p__Actinobacteria; c__Thermoleophilia; o__Solirubrobacterales; f__Solirubrobacteraceae; g__; s__,0.33333333
839,5.16315789,0.01441779,0.19367992,0.33333333,0.769122758,3,9,FALSE,Fungi,681a82b982b358ecdc302505cccec913,4,Clustered,3,0.65307018,FALSE,0,681a82b982b358ecdc302505cccec913,828,k__Fungi;p__Basidiomycota;c__Agaricomycetes;o__Agaricales,0.40740741
472,5.11578947,0.00985909,0.19547325,0,0.999999988,3,8,FALSE,Bacteria,a054bf67ebca31e4d231e9f54d6bcefa,3.33333333,,3,0.65701754,FALSE,0,a054bf67ebca31e4d231e9f54d6bcefa,650,k__Bacteria; p__Actinobacteria; c__Thermoleophilia; o__Solirubrobacterales; f__; g__; s__,0.38888889
191,1,1,1,0,0.999998902,3,1,FALSE,Bacteria,5871d0a90a0c065777f683353db040ea,1,Clustered,3,1,FALSE,0,5871d0a90a0c065777f683353db040ea,6,k__Bacteria; p__Proteobacteria; c__Betaproteobacteria; o__MND1; f__; g__; s__,0
873,4.85789474,0.02756441,0.20585049,0,0.999997568,3,9,FALSE,Fungi,543b833aaa09b3601f28df12a82983f2,4.33333333,Clustered,3,0.67850877,FALSE,0,543b833aaa09b3601f28df12a82983f2,1836,k__Fungi;p__Ascomycota;c__Sordariomycetes;o__Trichosphaeriales;f__Trichosphaeriaceae;g__Nigrospora;s__Nigrospora_oryzae,0.33333333
476,4.7,0.03247986,0.21276596,0,0.959930911,3,8,FALSE,Bacteria,463612bbd75c62181b6ab1af1b80f873,4.66666667,,3,0.69166667,FALSE,0,463612bbd75c62181b6ab1af1b80f873,2058,k__Bacteria; p__Cyanobacteria; c__; o__; f__; g__; s__,0.33333333
477,5.45789474,0.00993668,0.18322083,0.33333333,0.999999831,3,11,FALSE,Archaea,b6e4423a17cf30d4abb132879bf5846b,4,,3,0.62850877,FALSE,0,b6e4423a17cf30d4abb132879bf5846b,678,k__Archaea; p__Crenarchaeota; c__Thaumarchaeota; o__Nitrososphaerales; f__Nitrososphaeraceae; g__Candidatus Nitrososphaera; s__SCA1170,0.40740741
478,5.87368421,0.00709704,0.1702509,0,0.999999903,3,10,FALSE,Archaea,9009775f389e6cc97b52a9ced57ec8e0,3,,3,0.59385965,FALSE,0,9009775f389e6cc97b52a9ced57ec8e0,498,k__Archaea; p__Crenarchaeota; c__Thaumarchaeota; o__Nitrososphaerales; f__Nitrososphaeraceae; g__Candidatus Nitrososphaera; s__SCA1170,0.33333333
960,5.56315789,0.03278231,0.17975402,0,0.99815255,3,9,FALSE,Fungi,98e80d702b7e011d5b007706f5156d5d,3,Clustered,3,0.61973684,FALSE,0,98e80d702b7e011d5b007706f5156d5d,2060,k__Fungi;p__Ascomycota;c__Sordariomycetes;o__Hypocreales;f__Hypocreaceae;g__Trichoderma,0.33333333
480,4.8,0.03106074,0.20833333,0,0.999999911,3,7,FALSE,Bacteria,f2f177aa23925d1701ee451b80d30a70,3.33333333,,3,0.68333333,FALSE,0,f2f177aa23925d1701ee451b80d30a70,1860,k__Bacteria; p__Acidobacteria; c__[Chloracidobacteria]; o__RB41; f__Ellin6075; g__; s__,0.33333333
481,4.84210526,0.04154699,0.20652174,0,0.99999997,3,8,FALSE,Bacteria,b679c02262280efd2453238ed31eaba9,3.33333333,,3,0.67982456,FALSE,0,b679c02262280efd2453238ed31eaba9,2662,k__Bacteria; p__Acidobacteria; c__[Chloracidobacteria]; o__RB41; f__Ellin6075; g__; s__,0.33333333
482,4.94210526,0.01178871,0.20234292,0.33333333,0.989810385,3,9,FALSE,Bacteria,721474441dd0e78aa06c551e920aeaa0,3.66666667,,3,0.67149123,FALSE,0,721474441dd0e78aa06c551e920aeaa0,812,k__Bacteria; p__Proteobacteria; c__Alphaproteobacteria; o__Rhodospirillales; f__Rhodospirillaceae; g__; s__,0.41666667
955,5.41052632,0.00227076,0.1848249,0,0.990680875,2,9,FALSE,Fungi,1a491be0ce405766c6e502edf1c326ad,4,Clustered,2,0.63245614,FALSE,0,1a491be0ce405766c6e502edf1c326ad,152,k__Fungi;p__Ascomycota;c__Sordariomycetes;o__Hypocreales,0.5
864,6.04210526,0.00619286,0.16550523,0,0.999763395,2,10,FALSE,Fungi,08a5bf9ecc4ef3c36f3676ad8d579535,3.5,Clustered,2,0.57982456,FALSE,0,08a5bf9ecc4ef3c36f3676ad8d579535,338,k__Fungi;p__Ascomycota;c__Sordariomycetes;o__Trichosphaeriales;f__Trichosphaeriaceae;g__Nigrospora;s__Nigrospora_oryzae,0.5
1011,5.13684211,0.01571261,0.19467213,0,0.952525327,2,9,FALSE,Fungi,36f2d425153c065d26c7fdee73f30a76,5,Clustered,2,0.65526316,FALSE,0,36f2d425153c065d26c7fdee73f30a76,988,k__Fungi;p__Basidiomycota;c__Agaricomycetes;o__Agaricales;f__Agaricaceae;g__unidentified;s__unidentified,0.5
1037,4.90526316,0.00788476,0.20386266,0,0.99807661,2,9,FALSE,Fungi,3b2b5968a9e7ce155a52afe3597872b3,5.5,Clustered,2,0.6745614,FALSE,0,3b2b5968a9e7ce155a52afe3597872b3,588,k__Fungi;p__Basidiomycota;c__Agaricomycetes;o__Agaricales;f__Entolomataceae;g__Entoloma;s__Entoloma_perumbilicatum,0.5
847,4.99473684,0.02477337,0.20021075,0,0.970987006,2,10,FALSE,Fungi,ea1fdba2b396b648eba6d54c0131d42f,4.5,Clustered,2,0.66710526,FALSE,0,ea1fdba2b396b648eba6d54c0131d42f,1558,k__Fungi;p__Ascomycota;c__Sordariomycetes;o__Xylariales;f__Microdochiaceae;g__Idriella;s__Idriella_lunata,0.5
928,5.09473684,0,0.19628099,1,0.961661215,2,8,FALSE,Fungi,12a381fe765b7cd6fe96935d62344de0,6,Clustered,2,0.65877193,FALSE,0,12a381fe765b7cd6fe96935d62344de0,0,k__Fungi;p__Ascomycota;c__Sordariomycetes,0.6
1044,6.85789474,0.00317595,0.14581734,0,0.985286447,2,11,FALSE,Fungi,abe04cf2ada93c436aadc2621ac36cf0,2.5,Clustered,2,0.51184211,FALSE,0,abe04cf2ada93c436aadc2621ac36cf0,378,k__Fungi;p__Ascomycota;c__Sordariomycetes;o__Sordariales;f__Chaetomiaceae,0.75
1048,6.18947368,0.00355983,0.16156463,0,0.96788794,2,11,FALSE,Fungi,c2a64bc741f28dfa56d039275a597b87,2.5,Clustered,2,0.56754386,FALSE,0,c2a64bc741f28dfa56d039275a597b87,248,k__Fungi;p__Basidiomycota;c__Agaricomycetes;o__Agaricales;f__Stephanosporaceae;g__unidentified;s__unidentified,0.5
961,4.96842105,0.0039285,0.20127119,0,0.987531246,2,9,FALSE,Fungi,bb67f0ff723dfa30fbcb7172b5a9402a,5.5,Clustered,2,0.66929825,FALSE,0,bb67f0ff723dfa30fbcb7172b5a9402a,502,k__Fungi;p__Ascomycota;c__Sordariomycetes;o__Sordariales;f__Chaetomiaceae;g__Chaetomium,0.5625
1039,5.34736842,0.00895683,0.18700787,0,0.937272931,2,10,FALSE,Fungi,626356072423b7e7896db21d84980452,4.5,Clustered,2,0.6377193,FALSE,0,626356072423b7e7896db21d84980452,584,k__Fungi;p__Ascomycota;c__Sordariomycetes,0.5
925,5.48421053,0.00204586,0.18234165,0,0.996394097,2,9,FALSE,Fungi,fc5f0d33f5d16dada8945615c54220b9,3.5,Clustered,2,0.62631579,FALSE,0,fc5f0d33f5d16dada8945615c54220b9,112,k__Fungi;p__Ascomycota;c__Sordariomycetes;o__Sordariales;f__Chaetomiaceae,0.5
1038,6.21052632,0.00285347,0.16101695,0,0.903136492,2,11,FALSE,Fungi,7046cc7bf887a5ba1ed6cbd156c74298,2.5,Clustered,2,0.56578947,FALSE,0,7046cc7bf887a5ba1ed6cbd156c74298,292,k__Fungi;p__Basidiomycota;c__Agaricomycetes;o__Agaricales,0.5
202,6.88421053,0.01267976,0.14525994,0,0.999996626,2,12,FALSE,Bacteria,da9e6a2b670b12f57a626d2f3383cad0,2.5,Clustered,2,0.50964912,FALSE,0,da9e6a2b670b12f57a626d2f3383cad0,680,k__Bacteria; p__Cyanobacteria; c__Nostocophycideae; o__Nostocales; f__Nostocaceae,0.5
859,5.84210526,0.00725576,0.17117117,0,0.740969578,2,9,FALSE,Fungi,8d571d47a349f3101f1ca596b385b11a,3.5,Clustered,2,0.59649123,FALSE,0,8d571d47a349f3101f1ca596b385b11a,494,k__Fungi;p__Basidiomycota;c__Agaricomycetes;o__Agaricales;f__Psathyrellaceae;g__Psathyrella;s__Psathyrella_sacchariolens,0.5
479,5.87894737,0.00534622,0.17009848,0,0.999999317,2,10,FALSE,Bacteria,aa6e67f99123877f3fde961071de34e4,3,,2,0.59342105,FALSE,0,aa6e67f99123877f3fde961071de34e4,328,k__Bacteria; p__Actinobacteria; c__Acidimicrobiia; o__Acidimicrobiales; f__EB1017; g__; s__,0.5
105,5.32105263,0.00568931,0.18793274,0,0.999951691,2,9,FALSE,Bacteria,d6ddef7e959522e5ebce1ddbad534cef,3.5,Clustered,2,0.63991228,FALSE,0,d6ddef7e959522e5ebce1ddbad534cef,404,k__Bacteria; p__Proteobacteria; c__Deltaproteobacteria; o__Myxococcales; f__Myxococcaceae; g__; s__,0.5
94,6.32105263,0.00550086,0.1582015,0,0.999998848,2,10,FALSE,Bacteria,4eabfe7c50b7841056d2045a604047ab,2,Clustered,2,0.55657895,FALSE,0,4eabfe7c50b7841056d2045a604047ab,296,k__Bacteria; p__Proteobacteria; c__Betaproteobacteria; o__MND1; f__; g__; s__,0.5
173,5.53684211,0.0131988,0.18060837,0,0.999998262,2,9,FALSE,Bacteria,f3dd23b9537ca1f081e998327f9b8b73,3.5,Clustered,2,0.62192982,FALSE,0,f3dd23b9537ca1f081e998327f9b8b73,744,k__Bacteria; p__Proteobacteria; c__Betaproteobacteria; o__MND1; f__; g__; s__,0.5
442,5.64736842,0.00355121,0.17707363,0,0.999982233,2,9,FALSE,Bacteria,746888def392734f2ba33b23b6acabbf,3,,2,0.6127193,FALSE,0,746888def392734f2ba33b23b6acabbf,396,k__Bacteria; p__Actinobacteria; c__Thermoleophilia; o__Solirubrobacterales; f__Patulibacteraceae; g__; s__,0.66666667
474,6.17894737,0.00514757,0.16183986,0,0.999889101,2,10,FALSE,Bacteria,c02036fdc986a9bf626455882a2376f9,2.5,,2,0.56842105,FALSE,0,c02036fdc986a9bf626455882a2376f9,348,k__Bacteria; p__Actinobacteria; c__Thermoleophilia; o__Gaiellales; f__Gaiellaceae; g__; s__,0.5
89,5.64210526,0.00919574,0.17723881,0,0.999599201,2,9,FALSE,Bacteria,9403c83b81d7dae0d54104bd1165423d,3.5,Clustered,2,0.61315789,FALSE,0,9403c83b81d7dae0d54104bd1165423d,558,k__Bacteria; p__Proteobacteria; c__Gammaproteobacteria; o__Xanthomonadales; f__Sinobacteraceae; g__; s__,0.5
90,6.16842105,0.00796259,0.16211604,0,0.999587667,2,10,FALSE,Bacteria,690ab2f8a206ad98098e536717c0ea5a,2.5,Clustered,2,0.56929825,FALSE,0,690ab2f8a206ad98098e536717c0ea5a,504,k__Bacteria; p__Proteobacteria; c__Gammaproteobacteria; o__Xanthomonadales; f__Sinobacteraceae; g__; s__,0.5
445,6.83684211,0,0.14626636,1,0.946063475,2,11,FALSE,Bacteria,0c334b5db3130c0ac26f41c88fb9ee26,2.5,,2,0.51359649,FALSE,0,0c334b5db3130c0ac26f41c88fb9ee26,0,k__Bacteria; p__Bacteroidetes; c__[Saprospirae]; o__[Saprospirales]; f__Chitinophagaceae; g__; s__,0.83333333
446,6.83684211,0,0.14626636,1,0.966622975,2,11,FALSE,Bacteria,b50ecfd68813028d2b7cf6d167ee2fb8,2.5,,2,0.51359649,FALSE,0,b50ecfd68813028d2b7cf6d167ee2fb8,0,k__Bacteria; p__Bacteroidetes; c__[Saprospirae]; o__[Saprospirales]; f__Chitinophagaceae; g__; s__,0.83333333
93,5.04736842,0.01297213,0.19812304,0,0.999999998,2,8,FALSE,Bacteria,5352492fae2d256e5248ce177c71f32e,4,Clustered,2,0.6627193,FALSE,0,5352492fae2d256e5248ce177c71f32e,824,k__Bacteria; p__Actinobacteria; c__Actinobacteria; o__Micrococcales; f__; g__; s__,0.5
102,5.07368421,0,0.19709544,1,0.999985902,2,9,FALSE,Bacteria,43dc5ef16caa2d77b3708d6f416df27d,5,Clustered,2,0.66052632,FALSE,0,43dc5ef16caa2d77b3708d6f416df27d,0,k__Bacteria; p__Proteobacteria; c__Betaproteobacteria; o__Ellin6067; f__; g__; s__,0.625
162,4.91578947,0.01464634,0.20342612,0,0.999834696,2,9,FALSE,Bacteria,71d5d94d204bfe1d426c5d8dc693de47,4,Clustered,2,0.67368421,FALSE,0,71d5d94d204bfe1d426c5d8dc693de47,844,k__Bacteria; p__Proteobacteria; c__Gammaproteobacteria; o__Xanthomonadales; f__Sinobacteraceae; g__; s__,0.5
448,5.19473684,0.00654657,0.19250253,0,0.999998843,2,9,FALSE,Bacteria,37a82e16570a9bb9f210dd7b751acda5,3.5,,2,0.6504386,FALSE,0,37a82e16570a9bb9f210dd7b751acda5,382,k__Bacteria; p__Actinobacteria; c__Acidimicrobiia; o__Acidimicrobiales; f__EB1017; g__; s__,0.5
857,7.32631579,7.99E-04,0.13649425,0,0.999999691,2,12,FALSE,Fungi,8ee56c2b64b4ed8fef5bea9092b14265,2.5,Clustered,2,0.47280702,FALSE,0,8ee56c2b64b4ed8fef5bea9092b14265,86,k__Fungi;p__Basidiomycota;c__Geminibasidiomycetes;o__Geminibasidiales;f__Geminibasidiaceae;g__Geminibasidium;s__unidentified,0.75
109,6.15263158,0.01204206,0.16253208,0,0.995087119,2,10,FALSE,Bacteria,d648b22e6add72f069c3ef8d20df6364,3,Clustered,2,0.57061404,FALSE,0,d648b22e6add72f069c3ef8d20df6364,820,k__Bacteria; p__Proteobacteria; c__Gammaproteobacteria; o__Thiotrichales; f__Piscirickettsiaceae; g__; s__,0.5
848,4.77368421,0.01178544,0.20948181,0,0.836736365,2,9,FALSE,Fungi,6ff0eb6e718a91ebbe3e3ece1bfd6443,6.5,Clustered,2,0.68552632,FALSE,0,6ff0eb6e718a91ebbe3e3ece1bfd6443,950,k__Fungi;p__Ascomycota;c__Sordariomycetes;o__Hypocreales;f__unidentified;g__unidentified;s__unidentified,0.5
962,6.46315789,0.01986456,0.15472313,0,0.967220298,2,10,FALSE,Fungi,4316ead6385d049db464023053e6c2ad,3,Clustered,2,0.54473684,FALSE,0,4316ead6385d049db464023053e6c2ad,1244,k__Fungi;p__Ascomycota;c__Dothideomycetes;o__Dothideomycetes_ord_Incertae_sedis;f__Eremomycetaceae;g__Arthrographis;s__Arthrographis_curvata,0.5
117,7.95789474,0,0.12566138,1,0.999759935,2,12,FALSE,Bacteria,35db5cfdf53a734e865a27408a98b301,3,Clustered,2,0.42017544,FALSE,0,35db5cfdf53a734e865a27408a98b301,0,k__Bacteria; p__Proteobacteria; c__Gammaproteobacteria; o__Xanthomonadales; f__Sinobacteraceae; g__Steroidobacter; s__,0.75
194,5.43157895,0.00930401,0.18410853,0,0.999970823,2,10,FALSE,Bacteria,f38c386d39d01853fb1204ee83fb1153,3,Clustered,2,0.63070175,FALSE,0,f38c386d39d01853fb1204ee83fb1153,584,k__Bacteria; p__Cyanobacteria; c__Nostocophycideae; o__Nostocales; f__Nostocaceae,0.5
450,1,1,1,0,0.978763964,2,1,FALSE,Bacteria,71d793a17e3b5a0151153abf600ad660,1,,2,1,FALSE,0,71d793a17e3b5a0151153abf600ad660,2,k__Bacteria; p__Bacteroidetes; c__[Saprospirae]; o__[Saprospirales]; f__Chitinophagaceae; g__; s__,0
473,4.98947368,0.00902547,0.20042194,0,0.988986098,2,8,FALSE,Bacteria,aabba5cc0703376f530d491398578085,4,,2,0.66754386,FALSE,0,aabba5cc0703376f530d491398578085,626,k__Bacteria; p__Proteobacteria; c__Alphaproteobacteria; o__Rhizobiales; f__Beijerinckiaceae,0.5
452,1,1,1,0,0.990161405,2,1,FALSE,Bacteria,a1509ad9986d14a8d956639c73197fda,1,,2,1,FALSE,0,a1509ad9986d14a8d956639c73197fda,2,k__Bacteria; p__Proteobacteria; c__Alphaproteobacteria; o__Rhizobiales,0
453,7.19473684,0.01052632,0.13899049,0,0.999998656,2,11,FALSE,Bacteria,77739a453e58568e9e091413fe450042,1.5,,2,0.48377193,FALSE,0,77739a453e58568e9e091413fe450042,662,k__Bacteria; p__Acidobacteria; c__Acidobacteria-6; o__iii1-15; f__; g__; s__,0.5
454,6.21052632,0.02094124,0.16101695,0,0.999996826,2,10,FALSE,Bacteria,42b0a7dcaca421fb79246a74648c513d,2.5,,2,0.56578947,FALSE,0,42b0a7dcaca421fb79246a74648c513d,1320,k__Bacteria; p__Acidobacteria; c__Acidobacteria-6; o__iii1-15; f__; g__; s__,0.5
132,6.31052632,0.00693767,0.15846539,0,0.99983589,2,10,FALSE,Bacteria,6e58cdb23ee79c1c8a138d27bd4cc659,2.5,Clustered,2,0.55745614,FALSE,0,6e58cdb23ee79c1c8a138d27bd4cc659,430,k__Bacteria; p__Proteobacteria; c__Deltaproteobacteria; o__Myxococcales; f__Myxococcaceae; g__; s__,0.5
73,5.42105263,0.0157483,0.18446602,0,0.999824574,2,9,FALSE,Bacteria,6433d06bc52938c5e3eaef795fb9dba2,3.5,Clustered,2,0.63157895,FALSE,0,6433d06bc52938c5e3eaef795fb9dba2,828,k__Bacteria; p__Proteobacteria; c__Gammaproteobacteria; o__Xanthomonadales; f__Sinobacteraceae; g__; s__,0.5
81,6.40526316,0.00438139,0.15612161,0,0.999998029,2,10,FALSE,Bacteria,d0aad5d38cb3f5b8feb4b7975db8750f,2.5,Clustered,2,0.5495614,FALSE,0,d0aad5d38cb3f5b8feb4b7975db8750f,252,k__Bacteria; p__Proteobacteria; c__Betaproteobacteria; o__MND1; f__; g__; s__,0.5
455,6,0.02187868,0.16666667,0,0.894771038,2,11,FALSE,Bacteria,6d69c213b789342d3c7ba3be08bd496f,2.5,,2,0.58333333,FALSE,0,6d69c213b789342d3c7ba3be08bd496f,1196,k__Bacteria; p__Bacteroidetes; c__[Saprospirae]; o__[Saprospirales]; f__Chitinophagaceae; g__; s__,0.5
854,5.81578947,0.00427462,0.1719457,0,0.971382002,2,10,FALSE,Fungi,4c56be587f72ae6bfec4a1a774190eff,3.5,Clustered,2,0.59868421,FALSE,0,4c56be587f72ae6bfec4a1a774190eff,270,k__Fungi;p__Ascomycota;c__Sordariomycetes;o__Sordariales;f__Lasiosphaeriaceae;g__unidentified;s__unidentified,0.5
140,5.78947368,0.00430039,0.17272727,0,0.999688389,2,10,FALSE,Bacteria,b1293893b9f536c4c05715b5306ba4b9,2.5,Clustered,2,0.60087719,FALSE,0,b1293893b9f536c4c05715b5306ba4b9,256,k__Bacteria; p__Acidobacteria; c__Acidobacteria-6; o__iii1-15; f__mb2424; g__; s__,0.5
141,6.46842105,0,0.15459723,1,0.781045,2,10,FALSE,Bacteria,4b385a07b708ce41b24f7c306f046346,3,Clustered,2,0.54429825,FALSE,0,4b385a07b708ce41b24f7c306f046346,0,k__Bacteria; p__Proteobacteria; c__Alphaproteobacteria; o__Rhizobiales; f__Hyphomicrobiaceae; g__Rhodoplanes; s__,0.75
161,5.86842105,0.01052632,0.17040359,0,0.99999947,2,10,FALSE,Bacteria,6b5d866db05ec229e1124c77d408926d,2,Clustered,2,0.59429825,FALSE,0,6b5d866db05ec229e1124c77d408926d,584,k__Bacteria; p__Proteobacteria; c__Gammaproteobacteria; o__Xanthomonadales; f__Sinobacteraceae; g__; s__,0.5
147,5.72631579,0.01052632,0.17463235,0,0.998597201,2,10,FALSE,Bacteria,8ac5c07818a0f10e54acc8efca6b9ad4,3,Clustered,2,0.60614035,FALSE,0,8ac5c07818a0f10e54acc8efca6b9ad4,590,k__Bacteria; p__Proteobacteria; c__Gammaproteobacteria; o__Thiotrichales; f__Piscirickettsiaceae; g__; s__,0.5
466,6.36315789,0.01052632,0.15715467,0,0.999999999,2,10,FALSE,Bacteria,ad8e326f6198e42cc6ec0c10bda6cf0a,2,,2,0.55307018,FALSE,0,ad8e326f6198e42cc6ec0c10bda6cf0a,576,k__Bacteria; p__Actinobacteria; c__Rubrobacteria; o__Rubrobacterales; f__Rubrobacteraceae; g__; s__,0.5
195,5.58947368,0.00445298,0.17890772,0,0.99372672,2,10,FALSE,Bacteria,9a9a17db275ad1a81b167fb73133ca33,3,Clustered,2,0.61754386,FALSE,0,9a9a17db275ad1a81b167fb73133ca33,302,k__Bacteria; p__Actinobacteria; c__Thermoleophilia; o__Solirubrobacterales; f__; g__; s__,0.5
182,5.47368421,0.00543615,0.18269231,0,0.995107758,2,10,FALSE,Bacteria,9d2e9be9d69dc7205192869ad0117423,2.5,Clustered,2,0.62719298,FALSE,0,9d2e9be9d69dc7205192869ad0117423,348,k__Bacteria; p__Actinobacteria; c__Thermoleophilia; o__Solirubrobacterales; f__; g__; s__,0.5
72,5.86315789,0.00918407,0.17055655,0,0.999967015,2,10,FALSE,Bacteria,f17746f79f09b97c4a63ff17ce0677be,3.5,Clustered,2,0.59473684,FALSE,0,f17746f79f09b97c4a63ff17ce0677be,546,k__Bacteria; p__Cyanobacteria; c__Nostocophycideae; o__Nostocales; f__Nostocaceae,0.5
189,5.64210526,0.00710612,0.17723881,0,0.999971018,2,10,FALSE,Bacteria,add01a8d7e433235adc9b79e70005c0c,3,Clustered,2,0.61315789,FALSE,0,add01a8d7e433235adc9b79e70005c0c,460,k__Bacteria; p__Cyanobacteria; c__Nostocophycideae; o__Nostocales; f__Nostocaceae,0.5
875,5.78421053,0.00551955,0.17288444,0,0.744379138,2,9,FALSE,Fungi,0c9e5da9ceb207b3591d850c77ec895d,4,Clustered,2,0.60131579,FALSE,0,0c9e5da9ceb207b3591d850c77ec895d,346,k__Fungi;p__Basidiomycota;c__Agaricomycetes;o__Geastrales;f__Geastraceae;g__Geastrum;s__unidentified,0.5
484,5.48947368,0,0.18216683,1,0.989453097,2,9,FALSE,Bacteria,ed484a1a3e3c3ee2b6b6e20c9975438f,3.5,,2,0.62587719,FALSE,0,ed484a1a3e3c3ee2b6b6e20c9975438f,0,k__Bacteria; p__Proteobacteria; c__Alphaproteobacteria; o__Rhodospirillales; f__Rhodospirillaceae; g__; s__,0.7
1029,5.88947368,0,0.16979446,0,0.974275457,1,10,FALSE,Fungi,a1d953e7747358e1abd152cc576a2c55,4,Clustered,1,0.59254386,FALSE,0,a1d953e7747358e1abd152cc576a2c55,0,k__Fungi;p__Ascomycota;c__Dothideomycetes;o__Tubeufiales;f__Tubeufiaceae;g__Helicoma;s__unidentified,0
927,5.52631579,0,0.18095238,0,0.72715059,1,9,FALSE,Fungi,ed5811c7c77164a16814d82eb34a933d,7,Clustered,1,0.62280702,FALSE,0,ed5811c7c77164a16814d82eb34a933d,0,k__Fungi;p__Ascomycota;c__Sordariomycetes;o__Sordariales;f__Chaetomiaceae;g__unidentified;s__unidentified,0
1034,6.13684211,0,0.16295026,0,0.999994969,1,10,FALSE,Fungi,69a1d59aae9a75771f5bdd8faf6fd899,5,Clustered,1,0.57192982,FALSE,0,69a1d59aae9a75771f5bdd8faf6fd899,0,k__Fungi;p__Ascomycota;c__Eurotiomycetes;o__Onygenales;f__Onygenaceae;g__Myriodontium;s__unidentified,0
461,1.5,0,0.66666667,0,0.943010857,1,2,FALSE,Bacteria,d8f13c5e9df6c2cde580a81c5cfa5053,2,,1,0.75,FALSE,0,d8f13c5e9df6c2cde580a81c5cfa5053,0,k__Bacteria; p__Bacteroidetes; c__[Saprospirae]; o__[Saprospirales]; f__Chitinophagaceae; g__; s__,0
153,6.74210526,0,0.14832162,0,0.999999998,1,10,FALSE,Bacteria,0b6650ec5f246419247cc9cb688d6275,3,Clustered,1,0.52149123,FALSE,0,0b6650ec5f246419247cc9cb688d6275,0,k__Bacteria; p__Actinobacteria; c__Actinobacteria; o__Micrococcales; f__; g__; s__,0
440,1,0,1,0,0.977037897,1,1,FALSE,Bacteria,2d0a34fb3084aaf0949176dfc9028d57,1,,1,1,FALSE,0,2d0a34fb3084aaf0949176dfc9028d57,0,k__Bacteria; p__Proteobacteria; c__Betaproteobacteria; o__MND1; f__; g__; s__,0
441,1,0,1,0,0.97491592,1,1,FALSE,Bacteria,008f11a61c4884c2c03e72eb440b806c,1,,1,1,FALSE,0,008f11a61c4884c2c03e72eb440b806c,0,k__Bacteria; p__Proteobacteria; c__Betaproteobacteria; o__MND1; f__; g__; s__,0
467,8.18947368,0,0.12210797,0,0.999998029,1,12,FALSE,Bacteria,372d2855524e40e3e7a3ff0573aeb296,2,,1,0.40087719,FALSE,0,372d2855524e40e3e7a3ff0573aeb296,0,k__Bacteria; p__Acidobacteria; c__Acidobacteria-6; o__iii1-15; f__; g__; s__,0
845,6.04736842,0,0.16536118,0,0.971469865,1,10,FALSE,Fungi,26827a6df0c2cddd5a6989c708b7a305,4,Clustered,1,0.57938596,FALSE,0,26827a6df0c2cddd5a6989c708b7a305,0,k__Fungi;p__Ascomycota;c__Sordariomycetes;o__Hypocreales,0
99,1.66666667,0,0.6,0,0.999999349,1,2,FALSE,Bacteria,7119f81d5bb6ca6bfae0b75aba51b87d,3,Clustered,1,0.66666667,FALSE,0,7119f81d5bb6ca6bfae0b75aba51b87d,0,k__Bacteria; p__Proteobacteria; c__Betaproteobacteria; o__MND1; f__; g__; s__,0
451,1.5,0,0.66666667,0,0.986979792,1,2,FALSE,Bacteria,d484814b4b686bd9810d545fd8a2fe17,2,,1,0.75,FALSE,0,d484814b4b686bd9810d545fd8a2fe17,0,k__Bacteria; p__Bacteroidetes; c__[Saprospirae]; o__[Saprospirales]; f__Chitinophagaceae; g__; s__,0
121,6.81052632,0,0.14683153,0,0.999972565,1,12,FALSE,Bacteria,a43207bb050050e8e38642c3939a9f20,3,Clustered,1,0.51578947,FALSE,0,a43207bb050050e8e38642c3939a9f20,0,k__Bacteria; p__Cyanobacteria; c__Nostocophycideae; o__Nostocales; f__Nostocaceae,0
128,6.04736842,0,0.16536118,0,0.759892138,1,10,FALSE,Bacteria,e72a8425a82fcd162072462b23857a1a,4,Clustered,1,0.57938596,FALSE,0,e72a8425a82fcd162072462b23857a1a,0,k__Bacteria; p__Gemmatimonadetes; c__Gemmatimonadetes; o__; f__; g__; s__,0
82,1.5,0,0.66666667,0,0.991254982,1,2,FALSE,Bacteria,f021278f12ffc82b97fa47fe4c1e4859,2,Clustered,1,0.75,FALSE,0,f021278f12ffc82b97fa47fe4c1e4859,0,k__Bacteria; p__Proteobacteria; c__Alphaproteobacteria; o__Rhizobiales,0
83,1.5,0,0.66666667,0,0.991580377,1,2,FALSE,Bacteria,17f9b59451e6666cea15a4e4e9a4e140,2,Clustered,1,0.75,FALSE,0,17f9b59451e6666cea15a4e4e9a4e140,0,k__Bacteria; p__Proteobacteria; c__Alphaproteobacteria; o__Rhizobiales,0
457,6.15263158,0,0.16253208,0,0.999509187,1,11,FALSE,Bacteria,2b15add6e222566c390316c1c648c297,3,,1,0.57061404,FALSE,0,2b15add6e222566c390316c1c648c297,0,k__Bacteria; p__Proteobacteria; c__Gammaproteobacteria; o__Xanthomonadales; f__Sinobacteraceae; g__; s__,0
160,6.86315789,0,0.14570552,0,0.999999219,1,11,FALSE,Bacteria,c90b5d56d4ff2ac6b42af33c4c848c0b,2,Clustered,1,0.51140351,FALSE,0,c90b5d56d4ff2ac6b42af33c4c848c0b,0,k__Bacteria; p__Proteobacteria; c__Gammaproteobacteria; o__Xanthomonadales; f__Sinobacteraceae; g__; s__,0
175,6.72105263,0,0.14878622,0,0.997669229,1,11,FALSE,Bacteria,34610bd03bc29ae3a93e9a276cdf7181,2,Clustered,1,0.52324561,FALSE,0,34610bd03bc29ae3a93e9a276cdf7181,0,k__Bacteria; p__Proteobacteria; c__Gammaproteobacteria; o__Thiotrichales; f__Piscirickettsiaceae; g__; s__,0
463,7.35789474,0,0.13590844,0,0.999999999,1,11,FALSE,Bacteria,6b6c23cc57a167b94454bc8469b65a7b,2,,1,0.47017544,FALSE,0,6b6c23cc57a167b94454bc8469b65a7b,0,k__Bacteria; p__Actinobacteria; c__Rubrobacteria; o__Rubrobacterales; f__Rubrobacteraceae; g__; s__,0
187,1,0,1,0,0.847815478,1,1,FALSE,Bacteria,0a3ba60be50ed540a3b083c436b2b389,1,Clustered,1,1,FALSE,0,0a3ba60be50ed540a3b083c436b2b389,0,k__Bacteria; p__Gemmatimonadetes; c__Gemmatimonadetes; o__; f__; g__; s__,0
188,1,0,1,0,0.843308933,1,1,FALSE,Bacteria,d1893c4e373cc371e10ae3c37f05cfe6,1,Clustered,1,1,FALSE,0,d1893c4e373cc371e10ae3c37f05cfe6,0,k__Bacteria; p__Gemmatimonadetes; c__Gemmatimonadetes; o__; f__; g__; s__,0
470,6.12631579,0,0.16323024,0,0.999930411,1,10,FALSE,Bacteria,92ca058dd5dc54955912ac21cdc78b09,3,,1,0.57280702,FALSE,0,92ca058dd5dc54955912ac21cdc78b09,0,k__Bacteria; p__Actinobacteria; c__Thermoleophilia; o__Solirubrobacterales; f__Solirubrobacteraceae; g__; s__,0
192,1.66666667,0,0.6,0,0.999999026,1,2,FALSE,Bacteria,c1eb65565257255bb1e0b72a4eb53653,3,Clustered,1,0.66666667,FALSE,0,c1eb65565257255bb1e0b72a4eb53653,0,k__Bacteria; p__Proteobacteria; c__Betaproteobacteria; o__MND1; f__; g__; s__,0
208,1.66666667,0,0.6,0,0.999443043,1,2,FALSE,Bacteria,90e9b1cfdc7902d564410d357be24bb8,3,Clustered,1,0.66666667,FALSE,0,90e9b1cfdc7902d564410d357be24bb8,0,k__Bacteria; p__Acidobacteria; c__Acidobacteria-6; o__iii1-15; f__mb2424; g__; s__,0
211,1,0,1,0,0.999802474,1,1,FALSE,Bacteria,bc8cfff72fb12a887269b007c4870354,1,Clustered,1,1,FALSE,0,bc8cfff72fb12a887269b007c4870354,0,k__Bacteria; p__Proteobacteria; c__Gammaproteobacteria; o__Xanthomonadales; f__Sinobacteraceae; g__Steroidobacter; s__,0
212,1,0,1,0,0.999710246,1,1,FALSE,Bacteria,2ea8f9c03f889c272a10dacbc49c23a6,1,Clustered,1,1,FALSE,0,2ea8f9c03f889c272a10dacbc49c23a6,0,k__Bacteria; p__Proteobacteria; c__Gammaproteobacteria; o__Xanthomonadales; f__Sinobacteraceae; g__Steroidobacter; s__,0