"SUID","AverageShortestPathLength","BetweennessCentrality","ClosenessCentrality","ClusteringCoefficient","confidence","Degree","Eccentricity","IsSingleNode","kingdom","name","NeighborhoodConnectivity","Node_Status","NumberOfDirectedEdges","NumberOfUndirectedEdges","NumChildren","NumDescendents","PartnerOfMultiEdgedNodePairs","Radiality","selected","SelfLoops","shared name","Stress","taxonomy","TopologicalCoefficient"
"843","4.92307692","0.00490611","0.203125","0.0","0.986725308","2","8","false","Fungi","867958af74e1b97140239db253933082","5.5","Clustered","2","0",,,"0","0.60769231","false","0","867958af74e1b97140239db253933082","698","k__Fungi;p__Ascomycota;c__Sordariomycetes;o__Sordariales;f__Lasiosphaeriaceae;g__Podospora;s__Podospora_communis","0.5"
"858","4.83805668","0.02121544","0.20669456","0.0","0.998899328","4","8","false","Fungi","b68738727f7a1c9e241b1534268b0546","3.75","Clustered","4","0",,,"0","0.61619433","false","0","b68738727f7a1c9e241b1534268b0546","2568","k__Fungi;p__Ascomycota;c__Sordariomycetes;o__Magnaporthales;f__Magnaporthaceae;g__Gaeumannomyces;s__Gaeumannomyces_radicicola","0.25"
"1010","4.74898785","0.01799645","0.21057118","0.0","0.713282618","4","8","false","Fungi","f990870b864b27cf6cec54d6aa827d28","3.75","Clustered","4","0",,,"0","0.62510121","false","0","f990870b864b27cf6cec54d6aa827d28","2140","k__Fungi;p__Ascomycota;c__Sordariomycetes;o__Hypocreales;f__unidentified;g__unidentified;s__unidentified","0.275"
"846","4.51012146","0.03344367","0.22172352","0.0","0.995523305","5","8","false","Fungi","db6aee4b36483b160142ec74960d8097","3.8","Clustered","5","0",,,"0","0.64898785","false","0","db6aee4b36483b160142ec74960d8097","4256","k__Fungi;p__Ascomycota;c__Sordariomycetes;o__Hypocreales;f__Bionectriaceae;g__Clonostachys;s__Clonostachys_rosea","0.21538462"
"839","4.67206478","0.017798","0.21403813","0.0","0.769122758","3","7","false","Fungi","681a82b982b358ecdc302505cccec913","4.66666667","Clustered","3","0",,,"0","0.63279352","false","0","681a82b982b358ecdc302505cccec913","2186","k__Fungi;p__Basidiomycota;c__Agaricomycetes;o__Agaricales","0.33333333"
"862","5.03643725","0.01062748","0.19855305","0.0","0.995928214","3","9","false","Fungi","a2cf9d28b18aa6955381524a2294b5fe","4.0","Clustered","3","0",,,"0","0.59635628","false","0","a2cf9d28b18aa6955381524a2294b5fe","1382","k__Fungi;p__Ascomycota;c__Dothideomycetes;o__Pleosporales;f__Phaeosphaeriaceae;g__Phaeosphaeria;s__Phaeosphaeria_podocarpi","0.375"
"1011","5.18623482","0.00730379","0.19281811","0.0","0.952525327","3","9","false","Fungi","36f2d425153c065d26c7fdee73f30a76","3.66666667","Clustered","3","0",,,"0","0.58137652","false","0","36f2d425153c065d26c7fdee73f30a76","1140","k__Fungi;p__Basidiomycota;c__Agaricomycetes;o__Agaricales;f__Agaricaceae;g__unidentified;s__unidentified","0.38095238"
"1012","5.57489879","0.00309616","0.17937545","0.0","0.902977011","2","9","false","Fungi","f662e396607aff4078219f0b2aed771b","3.0","Clustered","2","0",,,"0","0.54251012","false","0","f662e396607aff4078219f0b2aed771b","418","k__Fungi;p__Ascomycota;c__Leotiomycetes;o__Helotiales;f__Helotiaceae;g__Scytalidium;s__Scytalidium_sphaerosporum","0.5"
"871","4.70040486","0.01938236","0.21274763","0.0","0.999773728","3","7","false","Fungi","0961cf8f1b5074801797358681641f3c","5.33333333","Clustered","3","0",,,"0","0.62995951","false","0","0961cf8f1b5074801797358681641f3c","2140","k__Fungi;p__Ascomycota;c__Sordariomycetes;o__Hypocreales;f__Hypocreaceae;g__Trichoderma;s__Trichoderma_aerugineum","0.33333333"
"994","5.55465587","0.00603425","0.18002915","0.0","0.999670017","3","9","false","Fungi","83c94f7a380d7a207168276c747c1d0a","2.66666667","Clustered","3","0",,,"0","0.54453441","false","0","83c94f7a380d7a207168276c747c1d0a","774","k__Fungi;p__Ascomycota;c__Dothideomycetes;o__Capnodiales;f__Cladosporiaceae;g__Cladosporium","0.33333333"
"873","5.01619433","0.00652226","0.19935432","0.0","0.999997568","2","8","false","Fungi","543b833aaa09b3601f28df12a82983f2","4.5","Clustered","2","0",,,"0","0.59838057","false","0","543b833aaa09b3601f28df12a82983f2","704","k__Fungi;p__Ascomycota;c__Sordariomycetes;o__Trichosphaeriales;f__Trichosphaeriaceae;g__Nigrospora;s__Nigrospora_oryzae","0.5"
"848","4.6437247","0.02350402","0.21534438","0.0","0.836736365","4","8","false","Fungi","6ff0eb6e718a91ebbe3e3ece1bfd6443","4.25","Clustered","4","0",,,"0","0.63562753","false","0","6ff0eb6e718a91ebbe3e3ece1bfd6443","3032","k__Fungi;p__Ascomycota;c__Sordariomycetes;o__Hypocreales;f__unidentified;g__unidentified;s__unidentified","0.27083333"
"875","5.25101215","0.01000194","0.19043948","0.0","0.744379138","3","8","false","Fungi","0c9e5da9ceb207b3591d850c77ec895d","3.0","Clustered","3","0",,,"0","0.57489879","false","0","0c9e5da9ceb207b3591d850c77ec895d","1174","k__Fungi;p__Basidiomycota;c__Agaricomycetes;o__Geastrales;f__Geastraceae;g__Geastrum;s__unidentified","0.33333333"
"876","5.15384615","0.01351224","0.19402985","0.0","0.957313296","3","8","false","Fungi","c43865450fb33105291dd33c39621029","3.66666667","Clustered","3","0",,,"0","0.58461538","false","0","c43865450fb33105291dd33c39621029","1512","k__Fungi;p__Ascomycota;c__Dothideomycetes;o__Pleosporales;f__Cucurbitariaceae","0.33333333"
"1013","4.8340081","0.00672987","0.20686767","0.0","0.998617059","2","7","false","Fungi","d1d017787bec14594dfad51ff70f9ba5","5.0","Clustered","2","0",,,"0","0.61659919","false","0","d1d017787bec14594dfad51ff70f9ba5","1006","k__Fungi;p__Ascomycota;c__Sordariomycetes;o__Sordariales;f__Chaetomiaceae","0.5"
"1014","5.60728745","0.0","0.17833935","1.0","0.742873866","2","9","false","Fungi","63632624d98a1ce91ff2ec0367e71f1d","4.5","Clustered","2","0",,,"0","0.53927126","false","0","63632624d98a1ce91ff2ec0367e71f1d","0","k__Fungi;p__Olpidiomycota;c__Olpidiomycetes;o__Olpidiales;f__Olpidiaceae;g__Olpidium;s__Olpidium_brassicae","0.64285714"
"995","5.4048583","0.00981073","0.18501873","0.0","0.999981853","3","8","false","Fungi","f7fd2983a336758f5f8372ed9c451dbc","3.0","Clustered","3","0",,,"0","0.55951417","false","0","f7fd2983a336758f5f8372ed9c451dbc","1082","k__Fungi;p__Ascomycota;c__Sordariomycetes;o__Sordariales;f__Chaetomiaceae;g__Myceliophthora;s__unidentified","0.33333333"
"1015","5.46153846","0.00635349","0.18309859","0.0","0.993899176","2","9","false","Fungi","071fd6b9abc5e77e5c3f1bb207a75f43","4.0","Clustered","2","0",,,"0","0.55384615","false","0","071fd6b9abc5e77e5c3f1bb207a75f43","762","k__Fungi;p__Basidiomycota;c__Agaricomycetes;o__Polyporales;f__Ganodermataceae;g__Ganoderma;s__Ganoderma_australe","0.5"
"148","4.54251012","0.0077389","0.2201426","0.16666667","0.999972908","4","7","false","Bacteria","9ae115d0efcc5973d6042e4e34ce14f9","4.75","Clustered","4","0",,,"0","0.64574899","false","0","9ae115d0efcc5973d6042e4e34ce14f9","1172","k__Bacteria; p__Cyanobacteria; c__Nostocophycideae; o__Nostocales; f__Nostocaceae","0.32692308"
"870","4.93117409","0.02456517","0.20279146","0.1","0.978854759","5","8","false","Fungi","3ee4c94dca2e32a3ae43fb9d796c4ffe","3.0","Clustered","5","0",,,"0","0.60688259","false","0","3ee4c94dca2e32a3ae43fb9d796c4ffe","2542","k__Fungi","0.24"
"72","5.048583","0.00104062","0.19807538","0.0","0.999967015","2","8","false","Bacteria","f17746f79f09b97c4a63ff17ce0677be","4.5","Clustered","2","0",,,"0","0.5951417","false","0","f17746f79f09b97c4a63ff17ce0677be","170","k__Bacteria; p__Cyanobacteria; c__Nostocophycideae; o__Nostocales; f__Nostocaceae","0.5"
"861","5.10121457","0.01936992","0.19603175","0.0","0.924033761","4","8","false","Fungi","7b3c81d80fd2ba70d52184d98c0110c5","3.0","Clustered","4","0",,,"0","0.58987854","false","0","7b3c81d80fd2ba70d52184d98c0110c5","2284","k__Fungi;p__Ascomycota;c__Dothideomycetes;o__Pleosporales","0.25"
"1016","4.59109312","0.00832063","0.21781305","0.0","0.998884101","2","8","false","Fungi","dc7bb69251060ebefe423a3e78a5a743","6.0","Clustered","2","0",,,"0","0.64089069","false","0","dc7bb69251060ebefe423a3e78a5a743","1028","k__Fungi;p__Ascomycota;c__Eurotiomycetes;o__Eurotiales;f__Trichocomaceae;g__Thermomyces;s__Thermomyces_lanuginosus","0.5"
"1017","4.60728745","0.01852809","0.21704745","0.0","0.999996326","4","8","false","Fungi","33c5a7be0e4bb143023e1bc93f4ddcb4","4.5","Clustered","4","0",,,"0","0.63927126","false","0","33c5a7be0e4bb143023e1bc93f4ddcb4","2948","k__Fungi;p__Basidiomycota;c__Agaricomycetes;o__Agaricales;f__Pluteaceae;g__Pluteus;s__Pluteus_longistriatus","0.29166667"
"73","6.31174089","0.0","0.15843489","0.0","0.999824574","1","10","false","Bacteria","6433d06bc52938c5e3eaef795fb9dba2","3.0","Clustered","1","0",,,"0","0.46882591","false","0","6433d06bc52938c5e3eaef795fb9dba2","0","k__Bacteria; p__Proteobacteria; c__Gammaproteobacteria; o__Xanthomonadales; f__Sinobacteraceae; g__; s__","0.0"
"863","4.53036437","0.01318381","0.2207328","0.0","0.998358934","3","8","false","Fungi","999fd72403c99e1a45e89ae9f56d8f4f","4.66666667","Clustered","3","0",,,"0","0.64696356","false","0","999fd72403c99e1a45e89ae9f56d8f4f","1630","k__Fungi;p__Basidiomycota;c__Agaricomycetes;o__Agaricales;f__Stephanosporaceae","0.33333333"
"872","4.71659919","0.02244567","0.21201717","0.0","0.759107595","4","7","false","Fungi","be090d0affdb948e0ecc9b365ff2c00c","3.5","Clustered","4","0",,,"0","0.62834008","false","0","be090d0affdb948e0ecc9b365ff2c00c","2824","k__Fungi;p__Ascomycota;c__Sordariomycetes;o__Hypocreales;f__Nectriaceae;g__Fusarium","0.25"
"168","4.5465587","0.01319635","0.21994657","0.0","0.99981514","3","7","false","Bacteria","9f2ca2ca7a58ae56c0459a95d81080af","4.66666667","Clustered","3","0",,,"0","0.64534413","false","0","9f2ca2ca7a58ae56c0459a95d81080af","1784","k__Bacteria; p__Cyanobacteria; c__Oscillatoriophycideae; o__Oscillatoriales; f__Phormidiaceae; g__Phormidium; s__","0.33333333"
"927","4.56275304","0.02080778","0.21916593","0.33333333","0.72715059","3","7","false","Fungi","ed5811c7c77164a16814d82eb34a933d","6.0","Clustered","3","0",,,"0","0.6437247","false","0","ed5811c7c77164a16814d82eb34a933d","2188","k__Fungi;p__Ascomycota;c__Sordariomycetes;o__Sordariales;f__Chaetomiaceae;g__unidentified;s__unidentified","0.4047619"
"137","4.71255061","0.01724192","0.21219931","0.0","0.999986782","3","8","false","Bacteria","26aa9f69d279d5584720c39a016d1a7c","4.33333333","Clustered","3","0",,,"0","0.62874494","false","0","26aa9f69d279d5584720c39a016d1a7c","2372","k__Bacteria; p__Actinobacteria; c__Thermoleophilia; o__Solirubrobacterales; f__Patulibacteraceae; g__; s__","0.33333333"
"879","4.91497976","0.03187275","0.20345964","0.0","0.999444735","4","8","false","Fungi","702208e8705cc895db13623a372f517b","3.75","Clustered","4","0",,,"0","0.60850202","false","0","702208e8705cc895db13623a372f517b","3558","k__Fungi;p__Ascomycota;c__Leotiomycetes;o__Helotiales;f__Helotiaceae;g__Scytalidium;s__unidentified","0.25"
"860","4.96761134","0.0194888","0.20130399","0.0","0.990942191","3","8","false","Fungi","d73e61c2dabcb3f006193f178eb4b618","3.66666667","Clustered","3","0",,,"0","0.60323887","false","0","d73e61c2dabcb3f006193f178eb4b618","2146","k__Fungi","0.33333333"
"74","6.05668016","0.0","0.16510695","0.0","0.999972302","1","8","false","Bacteria","e44a7e443eeda68dad38ea2a2d843fb9","3.0","Clustered","1","0",,,"0","0.49433198","false","0","e44a7e443eeda68dad38ea2a2d843fb9","0","k__Bacteria; p__Cyanobacteria; c__Nostocophycideae; o__Nostocales; f__Nostocaceae","0.0"
"880","5.48178138","0.00352009","0.18242245","0.0","0.946202293","2","8","false","Fungi","ea3a88b1ad879e8cf640539ac5af207b","3.5","Clustered","2","0",,,"0","0.55182186","false","0","ea3a88b1ad879e8cf640539ac5af207b","452","k__Fungi;p__Ascomycota;c__Sordariomycetes;o__Hypocreales;f__Nectriaceae;g__Fusarium;s__Fusarium_solani","0.5"
"100","4.84210526","0.01363535","0.20652174","0.0","0.999929788","3","8","false","Bacteria","a4099dce6fc71ab784cfafbccecc72a9","4.0","Clustered","3","0",,,"0","0.61578947","false","0","a4099dce6fc71ab784cfafbccecc72a9","1444","k__Bacteria; p__Proteobacteria; c__Deltaproteobacteria; o__Myxococcales; f__Myxococcaceae; g__; s__","0.33333333"
"1018","5.28340081","0.00635693","0.18927203","0.0","0.999965584","2","9","false","Fungi","36e46d10d77d98f351862f5534853d95","4.5","Clustered","2","0",,,"0","0.57165992","false","0","36e46d10d77d98f351862f5534853d95","632","k__Fungi;p__Ascomycota;c__Leotiomycetes;o__Helotiales;f__Helotiaceae;g__Scytalidium;s__Scytalidium_lignicola","0.5"
"854","4.80566802","0.0184986","0.20808762","0.16666667","0.971382002","4","7","false","Fungi","4c56be587f72ae6bfec4a1a774190eff","4.0","Clustered","4","0",,,"0","0.6194332","false","0","4c56be587f72ae6bfec4a1a774190eff","2166","k__Fungi;p__Ascomycota;c__Sordariomycetes;o__Sordariales;f__Lasiosphaeriaceae;g__unidentified;s__unidentified","0.29166667"
"75","5.23076923","0.013647","0.19117647","0.0","0.999999753","3","8","false","Bacteria","a15237e9b005e864a73deaef9a16f12a","3.66666667","Clustered","3","0",,,"0","0.57692308","false","0","a15237e9b005e864a73deaef9a16f12a","1578","k__Bacteria; p__Proteobacteria; c__Gammaproteobacteria; o__Xanthomonadales; f__Sinobacteraceae; g__; s__","0.33333333"
"178","6.90283401","0.0","0.14486804","0.0","0.999985545","1","10","false","Bacteria","20d75feb563fb639306284ff8f712428","3.0","Clustered","1","0",,,"0","0.4097166","false","0","20d75feb563fb639306284ff8f712428","0","k__Bacteria; p__Proteobacteria; c__Deltaproteobacteria; o__Syntrophobacterales; f__Syntrophobacteraceae; g__; s__","0.0"
"852","5.29149798","0.00934922","0.1889824","0.0","0.939372039","3","8","false","Fungi","07e078860651dfd49236b055f2d0adfc","3.0","Clustered","3","0",,,"0","0.5708502","false","0","07e078860651dfd49236b055f2d0adfc","1048","k__Fungi;p__Ascomycota;c__Leotiomycetes;o__Helotiales;f__Helotiaceae;g__Scytalidium;s__Scytalidium_sphaerosporum","0.33333333"
"926","4.45748988","0.02644824","0.22434151","0.0","0.999942253","4","7","false","Fungi","67b4d7c5f75e7830e94e78f91ebb413e","4.5","Clustered","4","0",,,"0","0.65425101","false","0","67b4d7c5f75e7830e94e78f91ebb413e","3508","k__Fungi;p__Ascomycota;c__Orbiliomycetes;o__unidentified;f__unidentified;g__unidentified;s__unidentified","0.25"
"840","5.5708502","0.00865026","0.17950581","0.0","0.999888705","2","9","false","Fungi","d71d604bffdf1a8e01171eed3dc9609c","4.5","Clustered","2","0",,,"0","0.54291498","false","0","d71d604bffdf1a8e01171eed3dc9609c","878","k__Fungi;p__Ascomycota;c__Eurotiomycetes;o__Eurotiales;f__Aspergillaceae;g__Aspergillus;s__Aspergillus_sp","0.5"
"1019","5.46558704","0.00603603","0.18296296","0.0","0.987521465","2","9","false","Fungi","9c92d568cbd3bc1350ac6a0e10df08a9","4.0","Clustered","2","0",,,"0","0.5534413","false","0","9c92d568cbd3bc1350ac6a0e10df08a9","632","k__Fungi;p__Ascomycota;c__Sordariomycetes;o__Conioscyphales;f__Conioscyphaceae;g__Conioscypha;s__unidentified","0.5"
"847","4.67206478","0.02128962","0.21403813","0.0","0.970987006","4","8","false","Fungi","ea1fdba2b396b648eba6d54c0131d42f","4.25","Clustered","4","0",,,"0","0.63279352","false","0","ea1fdba2b396b648eba6d54c0131d42f","2736","k__Fungi;p__Ascomycota;c__Sordariomycetes;o__Xylariales;f__Microdochiaceae;g__Idriella;s__Idriella_lunata","0.27083333"
"1020","5.50202429","0.00704749","0.18175129","0.0","0.99671204","2","9","false","Fungi","8b5e02e9cfe8c8adc32806a4fba2125b","4.5","Clustered","2","0",,,"0","0.54979757","false","0","8b5e02e9cfe8c8adc32806a4fba2125b","810","k__Fungi;p__Ascomycota;c__Dothideomycetes;o__Capnodiales;f__Capnodiaceae;g__unidentified;s__unidentified","0.5"
"855","4.76518219","0.02622525","0.20985556","0.16666667","0.999999401","4","8","false","Fungi","ef18e1cc722e195c6713d8a4bc13a163","5.0","Clustered","4","0",,,"0","0.62348178","false","0","ef18e1cc722e195c6713d8a4bc13a163","3248","k__Fungi;p__Ascomycota;c__Eurotiomycetes;o__Eurotiales;f__Aspergillaceae;g__Aspergillus;s__Aspergillus_purpureus","0.28125"
"958","6.12550607","0.0","0.16325182","0.0","0.999434575","1","9","false","Fungi","e78de4012f3d6477d33b267b2cdff1b4","5.0","Clustered","1","0",,,"0","0.48744939","false","0","e78de4012f3d6477d33b267b2cdff1b4","0","k__Fungi;p__Ascomycota;c__Sordariomycetes;o__Hypocreales;f__Hypocreaceae;g__Trichoderma","0.0"
"76","5.12955466","0.02515098","0.1949487","0.0","0.99999561","5","8","false","Bacteria","b61577869b90f238ee166f6bc55edecc","2.6","Clustered","5","0",,,"0","0.58704453","false","0","b61577869b90f238ee166f6bc55edecc","2942","k__Bacteria; p__Proteobacteria; c__Betaproteobacteria; o__MND1; f__; g__; s__","0.2"
"107","4.90283401","0.02239136","0.20396367","0.0","0.999999394","4","8","false","Bacteria","a93c2ea6415452061b656d096ed5dbeb","3.0","Clustered","4","0",,,"0","0.6097166","false","0","a93c2ea6415452061b656d096ed5dbeb","2488","k__Bacteria; p__Proteobacteria; c__Gammaproteobacteria; o__Xanthomonadales; f__Sinobacteraceae; g__; s__","0.25"
"142","6.05263158","0.00494513","0.16521739","0.0","0.999999443","2","9","false","Bacteria","6dc64f03709f03c8446e9eb5a6e1212c","3.0","Clustered","2","0",,,"0","0.49473684","false","0","6dc64f03709f03c8446e9eb5a6e1212c","534","k__Bacteria; p__Acidobacteria; c__Acidobacteria-6; o__iii1-15; f__; g__; s__","0.5"
"1021","4.92307692","0.02198783","0.203125","0.0","0.865370397","4","8","false","Fungi","f2e730f0c095b69e468c0c943da93aa1","3.5","Clustered","4","0",,,"0","0.60769231","false","0","f2e730f0c095b69e468c0c943da93aa1","2290","k__Fungi;p__Ascomycota;c__Pezizomycetes;o__Pezizales;f__unidentified;g__unidentified;s__unidentified","0.25"
"868","4.45748988","0.03456816","0.22434151","0.06666667","0.999998035","6","7","false","Fungi","3119f81576d973afb09e1ab14d58b0a2","4.16666667","Clustered","6","0",,,"0","0.65425101","false","0","3119f81576d973afb09e1ab14d58b0a2","4504","k__Fungi;p__Ascomycota;c__Dothideomycetes","0.20588235"
"930","4.65182186","0.0281501","0.21496954","0.0","0.999999717","4","8","false","Fungi","d09e1da03f5de31a444728c8e2fcb157","3.5","Clustered","4","0",,,"0","0.63481781","false","0","d09e1da03f5de31a444728c8e2fcb157","3720","k__Fungi;p__Ascomycota;c__Eurotiomycetes;o__Onygenales;f__Onygenales_fam_Incertae_sedis;g__Chrysosporium;s__Chrysosporium_pilosum","0.25"
"77","5.70040486","0.0","0.17542614","0.0","0.999865033","1","9","false","Bacteria","8dc321db092dfde96b27ec7875538be9","5.0","Clustered","1","0",,,"0","0.52995951","false","0","8dc321db092dfde96b27ec7875538be9","0","k__Bacteria; p__Proteobacteria; c__Gammaproteobacteria; o__Xanthomonadales; f__Sinobacteraceae; g__Steroidobacter; s__","0.0"
"78","5.22267206","0.02245794","0.19147287","0.0","0.999999998","4","8","false","Bacteria","15ce816d04a72a4e159b1381107fe1da","2.25","Clustered","4","0",,,"0","0.57773279","false","0","15ce816d04a72a4e159b1381107fe1da","2280","k__Bacteria; p__Actinobacteria; c__Actinobacteria; o__Micrococcales; f__; g__; s__","0.25"
"962","4.85425101","0.01314959","0.206005","0.0","0.967220298","3","8","false","Fungi","4316ead6385d049db464023053e6c2ad","3.66666667","Clustered","3","0",,,"0","0.6145749","false","0","4316ead6385d049db464023053e6c2ad","1670","k__Fungi;p__Ascomycota;c__Dothideomycetes;o__Dothideomycetes_ord_Incertae_sedis;f__Eremomycetaceae;g__Arthrographis;s__Arthrographis_curvata","0.33333333"
"1022","4.68016194","0.01376715","0.21366782","0.0","0.951733204","3","7","false","Fungi","1579e91b2ceb6b8e6e014e89aa31b33c","4.33333333","Clustered","3","0",,,"0","0.63198381","false","0","1579e91b2ceb6b8e6e014e89aa31b33c","1664","k__Fungi;p__Basidiomycota;c__Agaricomycetes;o__Agaricales","0.33333333"
"1023","4.56275304","0.03134388","0.21916593","0.06666667","0.999447734","6","8","false","Fungi","c9134033543bea84e32c8c2785bcbb62","3.83333333","Seed","6","0",,,"0","0.6437247","false","0","c9134033543bea84e32c8c2785bcbb62","3542","k__Fungi;p__Ascomycota;c__Sordariomycetes;o__Hypocreales;f__Stachybotryaceae;g__unidentified;s__unidentified","0.19791667"
"79","4.71255061","0.01591204","0.21219931","0.0","0.999990832","4","7","false","Bacteria","d1527d3cb3f279c7b91030d50eb74902","4.0","Clustered","4","0",,,"0","0.62874494","false","0","d1527d3cb3f279c7b91030d50eb74902","2160","k__Bacteria; p__Proteobacteria; c__Betaproteobacteria; o__Ellin6067; f__; g__; s__","0.27272727"
"80","4.68016194","0.01019748","0.21366782","0.0","0.958463162","3","8","false","Bacteria","e0227e26a9ba076e7ba295f2a1d73fac","4.33333333","Clustered","3","0",,,"0","0.63198381","false","0","e0227e26a9ba076e7ba295f2a1d73fac","1380","k__Bacteria; p__Cyanobacteria; c__; o__; f__; g__; s__","0.33333333"
"81","5.13765182","0.00851494","0.19464145","0.33333333","0.999998029","3","8","false","Bacteria","d0aad5d38cb3f5b8feb4b7975db8750f","3.66666667","Clustered","3","0",,,"0","0.58623482","false","0","d0aad5d38cb3f5b8feb4b7975db8750f","874","k__Bacteria; p__Proteobacteria; c__Betaproteobacteria; o__MND1; f__; g__; s__","0.41666667"
"173","4.97975709","0.00842465","0.20081301","0.33333333","0.999998262","3","8","false","Bacteria","f3dd23b9537ca1f081e998327f9b8b73","4.0","Clustered","3","0",,,"0","0.60202429","false","0","f3dd23b9537ca1f081e998327f9b8b73","930","k__Bacteria; p__Proteobacteria; c__Betaproteobacteria; o__MND1; f__; g__; s__","0.40740741"
"1024","4.76923077","0.02126022","0.20967742","0.0","0.924367902","4","8","false","Fungi","d3b7e2be927517ccb4cd6ce388c75907","4.0","Clustered","4","0",,,"0","0.62307692","false","0","d3b7e2be927517ccb4cd6ce388c75907","2280","k__Fungi;p__Ascomycota;c__Dothideomycetes;o__Pleosporales;f__Sporormiaceae;g__Preussia;s__unidentified","0.25"
"82","5.70445344","0.0","0.17530163","0.0","0.991254982","1","9","false","Bacteria","f021278f12ffc82b97fa47fe4c1e4859","3.0","Clustered","1","0",,,"0","0.52955466","false","0","f021278f12ffc82b97fa47fe4c1e4859","0","k__Bacteria; p__Proteobacteria; c__Alphaproteobacteria; o__Rhizobiales","0.0"
"83","4.70850202","0.01295979","0.21238177","0.0","0.991580377","3","8","false","Bacteria","17f9b59451e6666cea15a4e4e9a4e140","4.0","Clustered","3","0",,,"0","0.6291498","false","0","17f9b59451e6666cea15a4e4e9a4e140","1454","k__Bacteria; p__Proteobacteria; c__Alphaproteobacteria; o__Rhizobiales","0.33333333"
"1025","4.42510121","0.03368849","0.22598353","0.0","0.999977189","4","8","false","Fungi","2b474c4730aa7f65f673ffd6a53befb5","4.5","Clustered","4","0",,,"0","0.65748988","false","0","2b474c4730aa7f65f673ffd6a53befb5","4708","k__Fungi;p__Ascomycota;c__Sordariomycetes;o__Sordariales;f__Sordariales_fam_Incertae_sedis;g__Staphylotrichum;s__Staphylotrichum_coccosporum","0.25"
"84","6.90283401","0.0","0.14486804","0.0","0.999999998","1","10","false","Bacteria","8d40b8a3a3d4f294c371b0bdc9bece8c","3.0","Clustered","1","0",,,"0","0.4097166","false","0","8d40b8a3a3d4f294c371b0bdc9bece8c","0","k__Bacteria; p__Actinobacteria; c__Actinobacteria; o__Micrococcales; f__; g__; s__","0.0"
"1026","6.12145749","0.00115082","0.16335979","0.0","0.999907678","2","9","false","Fungi","ab96ed0610b375f66b71725aec32f255","3.5","Clustered","2","0",,,"0","0.48785425","false","0","ab96ed0610b375f66b71725aec32f255","234","k__Fungi;p__Ascomycota;c__Eurotiomycetes;o__Eurotiales;f__Aspergillaceae;g__Aspergillus","0.625"
"88","5.68016194","0.01104499","0.17605132","0.0","0.954211684","3","9","false","Bacteria","32edaf78cf7e9742ab8e4c0655b164b7","3.33333333","Clustered","3","0",,,"0","0.53198381","false","0","32edaf78cf7e9742ab8e4c0655b164b7","1232","k__Bacteria; p__Acidobacteria; c__Acidobacteria-6; o__; f__; g__; s__","0.33333333"
"164","5.22672065","0.00667105","0.19132455","0.0","0.999998097","2","8","false","Bacteria","b7aaf6c206dd7414eafcd07cfb83699b","4.0","Clustered","2","0",,,"0","0.57732794","false","0","b7aaf6c206dd7414eafcd07cfb83699b","754","k__Bacteria; p__Acidobacteria; c__Acidobacteria-6; o__iii1-15; f__; g__; s__","0.5"
"85","6.0","0.0043637","0.16666667","0.0","0.999999999","2","9","false","Bacteria","66d13162b809e694870db7145dc54c2a","2.0","Clustered","2","0",,,"0","0.5","false","0","66d13162b809e694870db7145dc54c2a","424","k__Bacteria; p__Nitrospirae; c__Nitrospira; o__Nitrospirales; f__0319-6A21; g__; s__","0.5"
"86","5.70445344","0.00654089","0.17530163","0.0","0.999999998","2","9","false","Bacteria","3ce034839922c0f77f27824373fdd199","3.5","Clustered","2","0",,,"0","0.52955466","false","0","3ce034839922c0f77f27824373fdd199","654","k__Bacteria; p__Nitrospirae; c__Nitrospira; o__Nitrospirales; f__0319-6A21; g__; s__","0.5"
"87","5.63157895","0.00790957","0.17757009","0.0","0.999999709","3","9","false","Bacteria","275ceefe702c72ea5b008a136df91fc1","3.33333333","Clustered","3","0",,,"0","0.53684211","false","0","275ceefe702c72ea5b008a136df91fc1","982","k__Bacteria; p__Proteobacteria; c__Gammaproteobacteria; o__Xanthomonadales; f__Sinobacteraceae; g__; s__","0.33333333"
"169","6.10526316","0.00233644","0.1637931","0.0","0.999999628","2","9","false","Bacteria","b4d09cf712aa20bad504d171bf35c0a2","3.0","Clustered","2","0",,,"0","0.48947368","false","0","b4d09cf712aa20bad504d171bf35c0a2","328","k__Bacteria; p__Proteobacteria; c__Gammaproteobacteria; o__Xanthomonadales; f__Sinobacteraceae; g__; s__","0.5"
"1027","4.27935223","0.04763208","0.23368023","0.06666667","0.935023059","6","8","false","Fungi","9abe67b5d73e8b051aa95c9157f401eb","3.83333333","Clustered","6","0",,,"0","0.67206478","false","0","9abe67b5d73e8b051aa95c9157f401eb","6336","k__Fungi;p__Ascomycota;c__Sordariomycetes;o__Sordariales;f__Lasiosphaeriaceae;g__Cercophora;s__unidentified","0.18627451"
"1028","4.58704453","0.04012667","0.2180053","0.0","0.949854864","5","8","false","Fungi","56cf4a7671653a298e62dccdd4e84a96","4.0","Clustered","5","0",,,"0","0.64129555","false","0","56cf4a7671653a298e62dccdd4e84a96","4936","k__Fungi;p__Ascomycota;c__Sordariomycetes;o__Xylariales","0.21428571"
"1029","5.28340081","0.00365348","0.18927203","0.0","0.974275457","2","8","false","Fungi","a1d953e7747358e1abd152cc576a2c55","4.5","Clustered","2","0",,,"0","0.57165992","false","0","a1d953e7747358e1abd152cc576a2c55","610","k__Fungi;p__Ascomycota;c__Dothideomycetes;o__Tubeufiales;f__Tubeufiaceae;g__Helicoma;s__unidentified","0.5"
"89","4.90688259","0.02001861","0.20379538","0.16666667","0.999599201","4","7","false","Bacteria","9403c83b81d7dae0d54104bd1165423d","3.75","Clustered","4","0",,,"0","0.60931174","false","0","9403c83b81d7dae0d54104bd1165423d","2174","k__Bacteria; p__Proteobacteria; c__Gammaproteobacteria; o__Xanthomonadales; f__Sinobacteraceae; g__; s__","0.29545455"
"90","4.61538462","0.02216734","0.21666667","0.16666667","0.999587667","4","7","false","Bacteria","690ab2f8a206ad98098e536717c0ea5a","4.25","Clustered","4","0",,,"0","0.63846154","false","0","690ab2f8a206ad98098e536717c0ea5a","2800","k__Bacteria; p__Proteobacteria; c__Gammaproteobacteria; o__Xanthomonadales; f__Sinobacteraceae; g__; s__","0.3125"
"91","4.75708502","0.02733057","0.21021277","0.1","0.999491487","5","8","false","Bacteria","8c78a43745377754c177a37fadd42195","3.6","Clustered","5","0",,,"0","0.6242915","false","0","8c78a43745377754c177a37fadd42195","3638","k__Bacteria; p__Proteobacteria; c__Gammaproteobacteria; o__Xanthomonadales; f__Sinobacteraceae; g__; s__","0.25"
"844","4.53441296","0.03269417","0.22053571","0.0","0.990171703","5","8","false","Fungi","dd53586548c8a01f5333a89771d85550","3.6","Clustered","5","0",,,"0","0.6465587","false","0","dd53586548c8a01f5333a89771d85550","4636","k__Fungi;p__Ascomycota;c__Sordariomycetes;o__Hypocreales;f__Stachybotryaceae;g__Achroiostachys;s__Achroiostachys_phyllophila","0.21666667"
"92","5.24696356","0.0161177","0.19058642","0.0","0.997662605","3","9","false","Bacteria","613252b11dc29b7470113634c2b05c4a","4.0","Clustered","3","0",,,"0","0.57530364","false","0","613252b11dc29b7470113634c2b05c4a","2050","k__Bacteria; p__Proteobacteria; c__Deltaproteobacteria; o__Myxococcales; f__; g__; s__","0.33333333"
"200","5.14574899","0.01407902","0.19433517","0.0","0.997168006","4","9","false","Bacteria","da353829695f2ab569100b66eb26895d","3.25","Clustered","4","0",,,"0","0.5854251","false","0","da353829695f2ab569100b66eb26895d","2242","k__Bacteria; p__Proteobacteria; c__Deltaproteobacteria; o__Myxococcales; f__; g__; s__","0.28125"
"1030","5.3562753","0.00246226","0.1866969","0.0","0.728604403","2","8","false","Fungi","47f5450c3c6b41b163a5424d8aa8df33","3.5","Clustered","2","0",,,"0","0.56437247","false","0","47f5450c3c6b41b163a5424d8aa8df33","258","k__Fungi;p__Ascomycota;c__Sordariomycetes;o__Sordariales;f__unidentified;g__unidentified;s__unidentified","0.5"
"1031","4.8582996","0.01313606","0.20583333","0.0","0.996692835","3","8","false","Fungi","8feaea96d9d8d8c7dc81779ca75700dc","4.33333333","Clustered","3","0",,,"0","0.61417004","false","0","8feaea96d9d8d8c7dc81779ca75700dc","1394","k__Fungi;p__Basidiomycota;c__Agaricomycetes;o__Auriculariales","0.33333333"
"185","4.87449393","0.00625075","0.2051495","0.0","0.999999998","2","8","false","Bacteria","687e88147b8464f687fa834354290451","5.0","Clustered","2","0",,,"0","0.61255061","false","0","687e88147b8464f687fa834354290451","604","k__Bacteria; p__Actinobacteria; c__Actinobacteria; o__Micrococcales; f__; g__; s__","0.5"
"93","5.12550607","0.00641633","0.19510269","0.0","0.999999998","3","8","false","Bacteria","5352492fae2d256e5248ce177c71f32e","2.33333333","Clustered","3","0",,,"0","0.58744939","false","0","5352492fae2d256e5248ce177c71f32e","634","k__Bacteria; p__Actinobacteria; c__Actinobacteria; o__Micrococcales; f__; g__; s__","0.33333333"
"838","4.17813765","0.04819074","0.23934109","0.0","0.981554151","6","7","false","Fungi","b2161ed6398e721bd35c10f0b7b32497","3.83333333","Clustered","6","0",,,"0","0.68218623","false","0","b2161ed6398e721bd35c10f0b7b32497","5832","k__Fungi;p__Ascomycota;c__Eurotiomycetes;o__Eurotiales;f__Aspergillaceae;g__Aspergillus;s__Aspergillus_tamarii","0.16666667"
"153","4.95546559","0.0185191","0.20179739","0.0","0.999999998","4","8","false","Bacteria","0b6650ec5f246419247cc9cb688d6275","4.25","Clustered","4","0",,,"0","0.60445344","false","0","0b6650ec5f246419247cc9cb688d6275","2436","k__Bacteria; p__Actinobacteria; c__Actinobacteria; o__Micrococcales; f__; g__; s__","0.27083333"
"94","4.85020243","0.01662618","0.20617696","0.16666667","0.999998848","4","8","false","Bacteria","4eabfe7c50b7841056d2045a604047ab","3.5","Clustered","4","0",,,"0","0.61497976","false","0","4eabfe7c50b7841056d2045a604047ab","1792","k__Bacteria; p__Proteobacteria; c__Betaproteobacteria; o__MND1; f__; g__; s__","0.3"
"932","5.54251012","0.00270175","0.18042367","0.66666667","0.99999995","3","9","false","Fungi","bd486270fbfe3e7b4c41320e403dd8b6","4.0","Clustered","3","0",,,"0","0.54574899","false","0","bd486270fbfe3e7b4c41320e403dd8b6","476","k__Fungi;p__Ascomycota;c__Sordariomycetes;o__Hypocreales;f__Hypocreales_fam_Incertae_sedis;g__Acremonium;s__Acremonium_persicinum","0.5"
"95","5.25910931","0.00962057","0.19014627","0.33333333","0.999984552","4","9","false","Bacteria","c2d488d53efc4e3d72c8583b07753711","3.75","Clustered","4","0",,,"0","0.57408907","false","0","c2d488d53efc4e3d72c8583b07753711","1268","k__Bacteria; p__Actinobacteria; c__Thermoleophilia; o__Solirubrobacterales; f__Patulibacteraceae; g__; s__","0.35"
"96","5.71659919","0.00546494","0.17492918","0.33333333","0.999999954","3","8","false","Bacteria","f2af164348e8477935e59b6c5050cefe","3.66666667","Clustered","3","0",,,"0","0.52834008","false","0","f2af164348e8477935e59b6c5050cefe","792","k__Bacteria; p__Nitrospirae; c__Nitrospira; o__Nitrospirales; f__0319-6A21; g__; s__","0.47619048"
"961","4.84615385","0.0268558","0.20634921","0.0","0.987531246","4","8","false","Fungi","bb67f0ff723dfa30fbcb7172b5a9402a","4.0","Clustered","4","0",,,"0","0.61538462","false","0","bb67f0ff723dfa30fbcb7172b5a9402a","3026","k__Fungi;p__Ascomycota;c__Sordariomycetes;o__Sordariales;f__Chaetomiaceae;g__Chaetomium","0.25"
"171","5.60323887","0.0073731","0.17846821","0.0","0.999999999","2","9","false","Bacteria","e3fc0c5c489b0489ce2465b8949e36f8","3.5","Clustered","2","0",,,"0","0.53967611","false","0","e3fc0c5c489b0489ce2465b8949e36f8","746","k__Bacteria; p__Nitrospirae; c__Nitrospira; o__Nitrospirales; f__0319-6A21; g__; s__","0.5"
"103","5.01214575","0.0057025","0.19951535","0.0","0.999996587","2","8","false","Bacteria","bb65170a042d7f36601f9f7b6342508f","5.0","Clustered","2","0",,,"0","0.59878543","false","0","bb65170a042d7f36601f9f7b6342508f","946","k__Bacteria; p__Cyanobacteria; c__Nostocophycideae; o__Nostocales; f__Nostocaceae","0.5"
"842","4.58299595","0.03865776","0.21819788","0.06666667","0.901807605","6","7","false","Fungi","070d7ae569ca76eddd85fb00e9422801","3.5","Clustered","6","0",,,"0","0.6417004","false","0","070d7ae569ca76eddd85fb00e9422801","4430","k__Fungi;p__Ascomycota;c__Sordariomycetes;o__Hypocreales;f__unidentified;g__unidentified;s__unidentified","0.18888889"
"97","4.81376518","0.03368064","0.20773759","0.1","0.999999712","5","8","false","Bacteria","30737b060070e1b58339a8634b2c7ac5","3.8","Clustered","5","0",,,"0","0.61862348","false","0","30737b060070e1b58339a8634b2c7ac5","3556","k__Bacteria; p__Proteobacteria; c__Betaproteobacteria; o__MND1; f__; g__; s__","0.22857143"
"98","4.77732794","0.01017124","0.20932203","0.33333333","0.999999819","3","8","false","Bacteria","a6ad0e56592a99c49971ba14c950588c","5.0","Clustered","3","0",,,"0","0.62226721","false","0","a6ad0e56592a99c49971ba14c950588c","1002","k__Bacteria; p__Proteobacteria; c__Betaproteobacteria; o__MND1; f__; g__; s__","0.38888889"
"845","4.87044534","0.02246038","0.20532003","0.0","0.971469865","4","8","false","Fungi","26827a6df0c2cddd5a6989c708b7a305","3.75","Clustered","4","0",,,"0","0.61295547","false","0","26827a6df0c2cddd5a6989c708b7a305","2734","k__Fungi;p__Ascomycota;c__Sordariomycetes;o__Hypocreales","0.25"
"99","4.95951417","0.01147228","0.20163265","0.0","0.999999349","3","8","false","Bacteria","7119f81d5bb6ca6bfae0b75aba51b87d","4.0","Clustered","3","0",,,"0","0.60404858","false","0","7119f81d5bb6ca6bfae0b75aba51b87d","1430","k__Bacteria; p__Proteobacteria; c__Betaproteobacteria; o__MND1; f__; g__; s__","0.33333333"
"101","5.64777328","0.00580884","0.17706093","0.33333333","0.999983578","3","9","false","Bacteria","25f9d86a04fe0564082e924a8d52726a","3.66666667","Clustered","3","0",,,"0","0.53522267","false","0","25f9d86a04fe0564082e924a8d52726a","632","k__Bacteria; p__Proteobacteria; c__Betaproteobacteria; o__Ellin6067; f__; g__; s__","0.41666667"
"102","6.15789474","0.0","0.16239316","1.0","0.999985902","2","10","false","Bacteria","43dc5ef16caa2d77b3708d6f416df27d","4.0","Clustered","2","0",,,"0","0.48421053","false","0","43dc5ef16caa2d77b3708d6f416df27d","0","k__Bacteria; p__Proteobacteria; c__Betaproteobacteria; o__Ellin6067; f__; g__; s__","0.66666667"
"1032","4.92307692","0.02655268","0.203125","0.0","0.910469847","5","8","false","Fungi","488987bc5af48d9cc40b5da69f3108a8","3.0","Clustered","5","0",,,"0","0.60769231","false","0","488987bc5af48d9cc40b5da69f3108a8","3540","k__Fungi;p__Ascomycota;c__Sordariomycetes;o__Sordariales;f__Lasiosphaeriaceae","0.2"
"1033","4.5465587","0.03438616","0.21994657","0.0","0.789660208","5","7","false","Fungi","8a2c398df64579afcbd41ab900f5b3cf","3.4","Clustered","5","0",,,"0","0.64534413","false","0","8a2c398df64579afcbd41ab900f5b3cf","3956","k__Fungi;p__Ascomycota;c__Sordariomycetes;o__Hypocreales;f__Nectriaceae;g__Gibberella;s__Gibberella_intricans","0.2"
"104","5.06072874","0.0167253","0.1976","0.0","0.769054105","3","8","false","Bacteria","11e707b996b3c679046c442aa2ceacad","4.33333333","Clustered","3","0",,,"0","0.59392713","false","0","11e707b996b3c679046c442aa2ceacad","1856","k__Bacteria; p__Proteobacteria; c__Alphaproteobacteria; o__Rhizobiales; f__Hyphomicrobiaceae; g__Rhodoplanes; s__","0.33333333"
"956","4.05263158","0.0719717","0.24675325","0.0","0.983723721","7","7","false","Fungi","257017ae5c0a050942341c93b36a1038","3.85714286","Clustered","7","0",,,"0","0.69473684","false","0","257017ae5c0a050942341c93b36a1038","9108","k__Fungi;p__Ascomycota;c__Leotiomycetes;o__Helotiales;f__Helotiaceae;g__Tetracladium;s__Tetracladium_furcatum","0.14285714"
"865","4.55465587","0.02430085","0.21955556","0.1","0.999999992","5","7","false","Fungi","6f0a77849ebd7b7bd6449a1767ff08f9","3.6","Clustered","5","0",,,"0","0.64453441","false","0","6f0a77849ebd7b7bd6449a1767ff08f9","2990","k__Fungi;p__Ascomycota;c__Eurotiomycetes;o__Eurotiales;f__Trichocomaceae;g__Thermomyces;s__Thermomyces_dupontii","0.23076923"
"112","4.48987854","0.0300539","0.22272317","0.16666667","0.996216987","4","7","false","Bacteria","bbf2cc714394d70b3c32b04366229b8f","5.25","Clustered","4","0",,,"0","0.65101215","false","0","bbf2cc714394d70b3c32b04366229b8f","3528","k__Bacteria; p__Proteobacteria; c__Deltaproteobacteria; o__Myxococcales; f__; g__; s__","0.27941176"
"162","5.31578947","0.01417071","0.18811881","0.0","0.999834696","3","9","false","Bacteria","71d5d94d204bfe1d426c5d8dc693de47","3.0","Clustered","3","0",,,"0","0.56842105","false","0","71d5d94d204bfe1d426c5d8dc693de47","1518","k__Bacteria; p__Proteobacteria; c__Gammaproteobacteria; o__Xanthomonadales; f__Sinobacteraceae; g__; s__","0.33333333"
"105","4.99190283","0.01780916","0.20032441","0.16666667","0.999951691","4","8","false","Bacteria","d6ddef7e959522e5ebce1ddbad534cef","3.75","Clustered","4","0",,,"0","0.60080972","false","0","d6ddef7e959522e5ebce1ddbad534cef","1930","k__Bacteria; p__Proteobacteria; c__Deltaproteobacteria; o__Myxococcales; f__Myxococcaceae; g__; s__","0.29545455"
"106","5.4048583","0.01428891","0.18501873","0.2","0.999980014","5","9","false","Bacteria","c74607d56160786ef4c00f59128b7164","2.8","Clustered","5","0",,,"0","0.55951417","false","0","c74607d56160786ef4c00f59128b7164","1576","k__Bacteria; p__Proteobacteria; c__Betaproteobacteria; o__Ellin6067; f__; g__; s__","0.28888889"
"108","5.46963563","0.00694993","0.18282754","0.33333333","0.999780944","3","9","false","Bacteria","5ea833a573041227c30e980d332993c5","4.0","Clustered","3","0",,,"0","0.55303644","false","0","5ea833a573041227c30e980d332993c5","736","k__Bacteria; p__Proteobacteria; c__Gammaproteobacteria; o__Xanthomonadales; f__Sinobacteraceae; g__; s__","0.40740741"
"115","5.87854251","0.0","0.17011019","0.0","0.999996706","1","9","false","Bacteria","508a852a13ff11e495d09a2a368dac92","4.0","Clustered","1","0",,,"0","0.51214575","false","0","508a852a13ff11e495d09a2a368dac92","0","k__Bacteria; p__Proteobacteria; c__Betaproteobacteria; o__MND1; f__; g__; s__","0.0"
"109","5.53846154","0.00243978","0.18055556","0.0","0.995087119","2","8","false","Bacteria","d648b22e6add72f069c3ef8d20df6364","3.5","Clustered","2","0",,,"0","0.54615385","false","0","d648b22e6add72f069c3ef8d20df6364","412","k__Bacteria; p__Proteobacteria; c__Gammaproteobacteria; o__Thiotrichales; f__Piscirickettsiaceae; g__; s__","0.5"
"110","6.74898785","0.0","0.14817037","0.0","0.995012083","1","9","false","Bacteria","c4f3314b83947f5267235ad9c41cb9e0","3.0","Clustered","1","0",,,"0","0.42510121","false","0","c4f3314b83947f5267235ad9c41cb9e0","0","k__Bacteria; p__Proteobacteria; c__Deltaproteobacteria; o__Myxococcales; f__; g__; s__","0.0"
"111","6.33198381","0.00312398","0.15792839","0.0","0.999999204","2","9","false","Bacteria","03295a48a7b12d31ca5acf8931262074","2.5","Clustered","2","0",,,"0","0.46680162","false","0","03295a48a7b12d31ca5acf8931262074","340","k__Bacteria; p__Acidobacteria; c__Acidobacteria-6; o__iii1-15; f__; g__; s__","0.5"
"113","5.75303644","0.01488583","0.17382125","0.0","0.996913906","3","8","false","Bacteria","f8667ba58b3bdc0ec45d3d2346f8515c","2.33333333","Clustered","3","0",,,"0","0.52469636","false","0","f8667ba58b3bdc0ec45d3d2346f8515c","1554","k__Bacteria; p__Proteobacteria; c__Deltaproteobacteria; o__Myxococcales; f__; g__; s__","0.33333333"
"849","4.32793522","0.03158592","0.23105706","0.2","0.996566285","5","7","false","Fungi","5143a16f7304a67659163b53236ae755","4.8","Clustered","5","0",,,"0","0.66720648","false","0","5143a16f7304a67659163b53236ae755","3704","k__Fungi;p__Mortierellomycota;c__Mortierellomycetes;o__Mortierellales;f__Mortierellaceae;g__Mortierella;s__Mortierella_alpina","0.24444444"
"145","5.14574899","0.0080942","0.19433517","0.0","0.999999999","2","8","false","Bacteria","79ec00184c0208fdb8ad006e0b023ab4","4.0","Clustered","2","0",,,"0","0.5854251","false","0","79ec00184c0208fdb8ad006e0b023ab4","1020","k__Bacteria; p__Nitrospirae; c__Nitrospira; o__Nitrospirales; f__0319-6A21; g__; s__","0.5"
"114","5.95546559","0.00809717","0.16791298","0.0","1.0","2","9","false","Bacteria","66af9e9cd9ad7175d21a4f5e68ea957e","2.0","Clustered","2","0",,,"0","0.50445344","false","0","66af9e9cd9ad7175d21a4f5e68ea957e","880","k__Bacteria; p__Actinobacteria; c__Rubrobacteria; o__Rubrobacterales; f__Rubrobacteraceae; g__; s__","0.5"
"116","6.951417","0.0","0.14385556","0.0","1.0","1","10","false","Bacteria","2793dd05029141a96b679daae1152950","2.0","Clustered","1","0",,,"0","0.4048583","false","0","2793dd05029141a96b679daae1152950","0","k__Bacteria; p__Actinobacteria; c__Rubrobacteria; o__Rubrobacterales; f__Rubrobacteraceae; g__; s__","0.0"
"1034","4.96356275","0.01332305","0.20146819","0.0","0.999994969","3","8","false","Fungi","69a1d59aae9a75771f5bdd8faf6fd899","4.0","Clustered","3","0",,,"0","0.60364372","false","0","69a1d59aae9a75771f5bdd8faf6fd899","1480","k__Fungi;p__Ascomycota;c__Eurotiomycetes;o__Onygenales;f__Onygenaceae;g__Myriodontium;s__unidentified","0.33333333"
"925","4.4534413","0.02991687","0.22454545","0.0","0.996394097","4","7","false","Fungi","fc5f0d33f5d16dada8945615c54220b9","4.5","Clustered","4","0",,,"0","0.65465587","false","0","fc5f0d33f5d16dada8945615c54220b9","3664","k__Fungi;p__Ascomycota;c__Sordariomycetes;o__Sordariales;f__Chaetomiaceae","0.25"
"117","4.70445344","0.0368749","0.21256454","0.0","0.999759935","5","8","false","Bacteria","35db5cfdf53a734e865a27408a98b301","3.4","Clustered","5","0",,,"0","0.62955466","false","0","35db5cfdf53a734e865a27408a98b301","4284","k__Bacteria; p__Proteobacteria; c__Gammaproteobacteria; o__Xanthomonadales; f__Sinobacteraceae; g__Steroidobacter; s__","0.2"
"118","4.77327935","0.0328614","0.20949958","0.1","0.999999604","5","8","false","Bacteria","12c3598d29d94f9c78166848a26f642d","3.6","Clustered","5","0",,,"0","0.62267206","false","0","12c3598d29d94f9c78166848a26f642d","3780","k__Bacteria; p__Proteobacteria; c__Alphaproteobacteria; o__Rhizobiales; f__Bradyrhizobiaceae","0.25"
"119","5.76923077","0.0","0.17333333","0.0","0.999999622","1","9","false","Bacteria","f909825869d5da6f0fdc8d6c7e152864","5.0","Clustered","1","0",,,"0","0.52307692","false","0","f909825869d5da6f0fdc8d6c7e152864","0","k__Bacteria; p__Proteobacteria; c__Alphaproteobacteria; o__Rhizobiales; f__Bradyrhizobiaceae","0.0"
"179","4.1659919","0.0683123","0.24003887","0.0","0.999999371","6","7","false","Bacteria","8a263edd72dde0f82b657457688d1be2","4.66666667","Clustered","6","0",,,"0","0.68340081","false","0","8a263edd72dde0f82b657457688d1be2","8448","k__Bacteria; p__Proteobacteria; c__Alphaproteobacteria; o__Rhizobiales; f__Bradyrhizobiaceae","0.16666667"
"120","4.34817814","0.02895405","0.22998138","0.0","0.999999737","4","7","false","Bacteria","21865e76d9402e00b4a0fc97a14f785f","4.25","Clustered","4","0",,,"0","0.66518219","false","0","21865e76d9402e00b4a0fc97a14f785f","3178","k__Bacteria; p__Proteobacteria; c__Betaproteobacteria; o__MND1; f__; g__; s__","0.25"
"963","4.28340081","0.03924333","0.23345936","0.0","0.746775935","4","7","false","Fungi","ffe6cc828c38abf56461aed3e60b1cee","5.0","Clustered","4","0",,,"0","0.67165992","false","0","ffe6cc828c38abf56461aed3e60b1cee","4334","k__Fungi;p__Ascomycota;c__Sordariomycetes;o__Xylariales;f__Xylariaceae;g__Ascotricha;s__Ascotricha_chartarum","0.25"
"121","4.6437247","0.0244967","0.21534438","0.0","0.999972565","5","8","false","Bacteria","a43207bb050050e8e38642c3939a9f20","3.6","Clustered","5","0",,,"0","0.63562753","false","0","a43207bb050050e8e38642c3939a9f20","2794","k__Bacteria; p__Cyanobacteria; c__Nostocophycideae; o__Nostocales; f__Nostocaceae","0.2"
"122","4.83805668","0.00923163","0.20669456","0.0","0.999972489","3","8","false","Bacteria","397b787d412688af6cca2406b9f50d19","3.66666667","Clustered","3","0",,,"0","0.61619433","false","0","397b787d412688af6cca2406b9f50d19","1108","k__Bacteria; p__Cyanobacteria; c__Nostocophycideae; o__Nostocales; f__Nostocaceae","0.33333333"
"1035","5.20242915","0.01343002","0.1922179","0.0","0.999803327","3","8","false","Fungi","e752b8f58278dae33fad679f0ce6e6a4","3.66666667","Clustered","3","0",,,"0","0.57975709","false","0","e752b8f58278dae33fad679f0ce6e6a4","1714","k__Fungi;p__Ascomycota;c__Eurotiomycetes;o__Eurotiales;f__Trichocomaceae;g__Sagenomella;s__unidentified","0.33333333"
"869","4.42510121","0.05060912","0.22598353","0.06666667","0.798804425","6","8","false","Fungi","dffa3aa867273816713072bf41a4d99e","4.33333333","Clustered","6","0",,,"0","0.65748988","false","0","dffa3aa867273816713072bf41a4d99e","6260","k__Fungi;p__Ascomycota","0.19298246"
"123","4.6194332","0.01953354","0.21647677","0.0","0.99888329","4","7","false","Bacteria","47fe4884b8f1893fc85b63628e21bb0f","4.25","Clustered","4","0",,,"0","0.63805668","false","0","47fe4884b8f1893fc85b63628e21bb0f","2910","k__Bacteria; p__Proteobacteria; c__Gammaproteobacteria; o__Thiotrichales; f__Piscirickettsiaceae; g__; s__","0.29545455"
"124","4.90688259","0.01134756","0.20379538","0.0","0.999316273","3","8","false","Bacteria","50a25afce53ab54f187dc44cc735780e","4.33333333","Clustered","3","0",,,"0","0.60931174","false","0","50a25afce53ab54f187dc44cc735780e","1676","k__Bacteria; p__Proteobacteria; c__Gammaproteobacteria; o__Thiotrichales; f__Piscirickettsiaceae; g__; s__","0.37037037"
"923","4.86639676","0.00337313","0.20549085","0.0","0.998145196","2","8","false","Fungi","754cbbd230c5b10124f04b68f37c1dfe","5.5","Clustered","2","0",,,"0","0.61336032","false","0","754cbbd230c5b10124f04b68f37c1dfe","662","k__Fungi;p__Basidiomycota;c__Agaricomycetes;o__Agaricales;f__Agaricaceae;g__unidentified;s__unidentified","0.5625"
"1036","4.74089069","0.01938653","0.21093083","0.0","0.700378384","3","8","false","Fungi","7f89100f9452b0e3f27d42f0347151a9","5.66666667","Clustered","3","0",,,"0","0.62591093","false","0","7f89100f9452b0e3f27d42f0347151a9","2318","k__Fungi;p__Ascomycota;c__Sordariomycetes;o__Boliniales;f__Boliniales_fam_Incertae_sedis;g__Rhexoacrodictys","0.33333333"
"1037","4.98785425","0.01377972","0.20048701","0.0","0.99807661","4","8","false","Fungi","3b2b5968a9e7ce155a52afe3597872b3","4.0","Clustered","4","0",,,"0","0.60121457","false","0","3b2b5968a9e7ce155a52afe3597872b3","1524","k__Fungi;p__Basidiomycota;c__Agaricomycetes;o__Agaricales;f__Entolomataceae;g__Entoloma;s__Entoloma_perumbilicatum","0.27272727"
"960","5.59109312","0.0","0.1788559","0.0","0.99815255","1","8","false","Fungi","98e80d702b7e011d5b007706f5156d5d","6.0","Clustered","1","0",,,"0","0.54089069","false","0","98e80d702b7e011d5b007706f5156d5d","0","k__Fungi;p__Ascomycota;c__Sordariomycetes;o__Hypocreales;f__Hypocreaceae;g__Trichoderma","0.0"
"877","4.25910931","0.04482902","0.23479087","0.0","0.997297289","5","8","false","Fungi","3dc21d4c358e7d2715c0af78059584f2","5.0","Clustered","5","0",,,"0","0.67408907","false","0","3dc21d4c358e7d2715c0af78059584f2","5486","k__Fungi;p__Ascomycota;c__Eurotiomycetes;o__Eurotiales","0.21052632"
"853","4.88663968","0.0060691","0.2046396","0.0","0.957726835","3","7","false","Fungi","1de7207ccb75656f77557543ddb6650a","3.66666667","Clustered","3","0",,,"0","0.61133603","false","0","1de7207ccb75656f77557543ddb6650a","998","k__Fungi;p__Mortierellomycota;c__Mortierellomycetes;o__Mortierellales;f__Mortierellaceae;g__Mortierella;s__unidentified","0.38095238"
"125","4.73684211","0.02100326","0.21111111","0.0","0.99997757","4","7","false","Bacteria","8569b414126d9cc2a6fb25e6a185b29a","3.75","Clustered","4","0",,,"0","0.62631579","false","0","8569b414126d9cc2a6fb25e6a185b29a","2494","k__Bacteria; p__Proteobacteria; c__Gammaproteobacteria; o__Xanthomonadales; f__Sinobacteraceae; g__Steroidobacter; s__","0.25"
"126","5.23076923","0.00262011","0.19117647","0.0","0.999984497","2","8","false","Bacteria","b417fa45e6401ee50604db367ad18a9b","3.5","Clustered","2","0",,,"0","0.57692308","false","0","b417fa45e6401ee50604db367ad18a9b","376","k__Bacteria; p__Proteobacteria; c__Gammaproteobacteria; o__Xanthomonadales; f__Sinobacteraceae; g__Steroidobacter; s__","0.5"
"127","4.70850202","0.02459819","0.21238177","0.0","0.776333689","4","8","false","Bacteria","3822ef1733f45f7645c68d25d69ae154","4.0","Clustered","4","0",,,"0","0.6291498","false","0","3822ef1733f45f7645c68d25d69ae154","2896","k__Bacteria; p__Gemmatimonadetes; c__Gemmatimonadetes; o__; f__; g__; s__","0.25"
"128","5.4534413","0.00284036","0.18337045","0.0","0.759892138","2","9","false","Bacteria","e72a8425a82fcd162072462b23857a1a","3.0","Clustered","2","0",,,"0","0.55465587","false","0","e72a8425a82fcd162072462b23857a1a","430","k__Bacteria; p__Gemmatimonadetes; c__Gemmatimonadetes; o__; f__; g__; s__","0.5"
"955","4.61538462","0.02354705","0.21666667","0.0","0.990680875","4","8","false","Fungi","1a491be0ce405766c6e502edf1c326ad","4.25","Clustered","4","0",,,"0","0.63846154","false","0","1a491be0ce405766c6e502edf1c326ad","3092","k__Fungi;p__Ascomycota;c__Sordariomycetes;o__Hypocreales","0.27083333"
"1038","4.53441296","0.02678238","0.22053571","0.0","0.903136492","5","8","false","Fungi","7046cc7bf887a5ba1ed6cbd156c74298","3.6","Clustered","5","0",,,"0","0.6465587","false","0","7046cc7bf887a5ba1ed6cbd156c74298","3044","k__Fungi;p__Basidiomycota;c__Agaricomycetes;o__Agaricales","0.2"
"129","5.71255061","0.0","0.17505315","0.0","0.998480629","1","9","false","Bacteria","f54103182e467514894bb381440ef5a5","4.0","Clustered","1","0",,,"0","0.52874494","false","0","f54103182e467514894bb381440ef5a5","0","k__Bacteria; p__Proteobacteria; c__Gammaproteobacteria; o__Thiotrichales; f__Piscirickettsiaceae; g__; s__","0.0"
"130","4.6437247","0.01559673","0.21534438","0.0","0.773527878","3","8","false","Bacteria","800229f2d13d36d07439bb43f2e7e170","5.0","Clustered","3","0",,,"0","0.63562753","false","0","800229f2d13d36d07439bb43f2e7e170","2056","k__Bacteria; p__Actinobacteria; c__Actinobacteria; o__Actinomycetales; f__Thermomonosporaceae; g__Actinomadura; s__nitritigenes","0.33333333"
"131","4.71659919","0.01940424","0.21201717","0.0","0.997496095","4","8","false","Bacteria","9395c47d528b4a9f6ffd5e2e993fb872","3.25","Clustered","4","0",,,"0","0.62834008","false","0","9395c47d528b4a9f6ffd5e2e993fb872","2222","k__Bacteria; p__Proteobacteria; c__Gammaproteobacteria; o__Thiotrichales; f__Piscirickettsiaceae; g__; s__","0.25"
"841","4.71659919","0.01709736","0.21201717","0.0","0.860520096","3","8","false","Fungi","45e66d85861358e2a7e297f3e7d67045","4.33333333","Clustered","3","0",,,"0","0.62834008","false","0","45e66d85861358e2a7e297f3e7d67045","2102","k__Fungi;p__Ascomycota;c__Sordariomycetes;o__Sordariales;f__Lasiosphaeriaceae","0.33333333"
"1039","4.42510121","0.02395521","0.22598353","0.0","0.937272931","4","7","false","Fungi","626356072423b7e7896db21d84980452","4.5","Clustered","4","0",,,"0","0.65748988","false","0","626356072423b7e7896db21d84980452","2942","k__Fungi;p__Ascomycota;c__Sordariomycetes","0.25"
"1040","4.93927126","0.01987651","0.20245902","0.0","0.996616277","4","8","false","Fungi","95f348d6d1be674bd18a91617ace41a1","3.5","Clustered","4","0",,,"0","0.60607287","false","0","95f348d6d1be674bd18a91617ace41a1","2322","k__Fungi;p__Ascomycota;c__Eurotiomycetes;o__Eurotiales;f__Aspergillaceae;g__Penicillium","0.25"
"132","5.73279352","0.0","0.17443503","0.0","0.99983589","1","9","false","Bacteria","6e58cdb23ee79c1c8a138d27bd4cc659","4.0","Clustered","1","0",,,"0","0.52672065","false","0","6e58cdb23ee79c1c8a138d27bd4cc659","0","k__Bacteria; p__Proteobacteria; c__Deltaproteobacteria; o__Myxococcales; f__Myxococcaceae; g__; s__","0.0"
"133","4.73684211","0.02094537","0.21111111","0.0","0.999887096","4","8","false","Bacteria","5b308300ae66caa744bc28b99889a5ef","3.0","Clustered","4","0",,,"0","0.62631579","false","0","5b308300ae66caa744bc28b99889a5ef","2372","k__Bacteria; p__Proteobacteria; c__Deltaproteobacteria; o__Myxococcales; f__Myxococcaceae; g__; s__","0.25"
"931","5.13360324","0.00818465","0.19479495","0.0","0.738418679","3","9","false","Fungi","614042b2373f65f34e6c19812dbb7217","4.0","Clustered","3","0",,,"0","0.58663968","false","0","614042b2373f65f34e6c19812dbb7217","920","k__Fungi;p__Ascomycota;c__Sordariomycetes;o__Xylariales;f__Xylariaceae","0.33333333"
"1041","4.87854251","0.00488702","0.20497925","0.0","0.81650281","2","8","false","Fungi","7b1ba1b84635017ba7455d99e9e8c10b","6.0","Clustered","2","0",,,"0","0.61214575","false","0","7b1ba1b84635017ba7455d99e9e8c10b","708","k__Fungi;p__Glomeromycota;c__Paraglomeromycetes;o__Paraglomerales","0.5"
"928","5.46963563","0.00319672","0.18282754","0.0","0.961661215","2","9","false","Fungi","12a381fe765b7cd6fe96935d62344de0","4.0","Clustered","2","0",,,"0","0.55303644","false","0","12a381fe765b7cd6fe96935d62344de0","436","k__Fungi;p__Ascomycota;c__Sordariomycetes","0.5"
"874","4.21052632","0.04643365","0.2375","0.0","0.778524583","5","7","false","Fungi","883303246001af6a4d701ba1c7b4abf3","5.2","Clustered","5","0",,,"0","0.67894737","false","0","883303246001af6a4d701ba1c7b4abf3","5774","k__Fungi;p__Basidiomycota;c__Agaricomycetes;o__Boletales;f__Coniophoraceae;g__Coniophora","0.21"
"1042","5.26315789","0.01493683","0.19","0.0","0.999999996","3","8","false","Fungi","06e64d32b1c7c6eaf87116322d37f812","4.0","Clustered","3","0",,,"0","0.57368421","false","0","06e64d32b1c7c6eaf87116322d37f812","1520","k__Fungi;p__Ascomycota;c__Sordariomycetes;o__Sordariales;f__Sordariales_fam_Incertae_sedis;g__Remersonia;s__Remersonia_thermophila","0.33333333"
"134","5.06882591","0.01093178","0.19728435","0.0","0.997286766","3","8","false","Bacteria","6c9c7a512ced146c9cfeb90c7c2738aa","3.33333333","Clustered","3","0",,,"0","0.59311741","false","0","6c9c7a512ced146c9cfeb90c7c2738aa","1712","k__Bacteria; p__Proteobacteria; c__Deltaproteobacteria; o__Myxococcales; f__; g__; s__","0.38888889"
"135","6.06477733","0.0","0.16488652","0.0","0.997081378","1","9","false","Bacteria","4bcfddf65b81e0418211b49093c96436","3.0","Clustered","1","0",,,"0","0.49352227","false","0","4bcfddf65b81e0418211b49093c96436","0","k__Bacteria; p__Proteobacteria; c__Deltaproteobacteria; o__Myxococcales; f__; g__; s__","0.0"
"183","4.98785425","0.02505074","0.20048701","0.0","0.99999962","4","8","false","Bacteria","2efc33dc7c06df531e43b1e3a2182094","3.5","Clustered","4","0",,,"0","0.60121457","false","0","2efc33dc7c06df531e43b1e3a2182094","2664","k__Bacteria; p__Proteobacteria; c__Alphaproteobacteria; o__Rhizobiales; f__Bradyrhizobiaceae","0.25"
"136","5.89068826","0.00426001","0.16975945","0.0","0.999949721","2","8","false","Bacteria","2661991c8e75d3bfc5e27e4b699a0961","3.0","Clustered","2","0",,,"0","0.51093117","false","0","2661991c8e75d3bfc5e27e4b699a0961","424","k__Bacteria; p__Actinobacteria; c__Thermoleophilia; o__Solirubrobacterales; f__Solirubrobacteraceae; g__; s__","0.5"
"138","5.76518219","0.00501698","0.17345506","0.0","0.999938347","2","9","false","Bacteria","60d6dd89b995d7e992ac67bef9e37208","3.0","Clustered","2","0",,,"0","0.52348178","false","0","60d6dd89b995d7e992ac67bef9e37208","522","k__Bacteria; p__Actinobacteria; c__Thermoleophilia; o__Solirubrobacterales; f__Solirubrobacteraceae; g__; s__","0.5"
"193","5.13360324","0.01073053","0.19479495","0.0","0.999972382","3","8","false","Bacteria","c4a5592cdd6c90cb9da840dc086b53db","3.66666667","Clustered","3","0",,,"0","0.58663968","false","0","c4a5592cdd6c90cb9da840dc086b53db","1244","k__Bacteria; p__Proteobacteria; c__Gammaproteobacteria; o__Xanthomonadales; f__Sinobacteraceae; g__Steroidobacter; s__","0.33333333"
"1043","5.22672065","0.00470506","0.19132455","0.0","1.0","2","9","false","Fungi","d8b8dfcfae0929654673f0411ede5206","5.0","Clustered","2","0",,,"0","0.57732794","false","0","d8b8dfcfae0929654673f0411ede5206","510","k__Fungi;p__Ascomycota;c__Orbiliomycetes;o__Orbiliales;f__Orbiliaceae;g__Arthrobotrys;s__Arthrobotrys_amerospora","0.5"
"1044","5.03643725","0.01129724","0.19855305","0.0","0.985286447","3","8","false","Fungi","abe04cf2ada93c436aadc2621ac36cf0","4.33333333","Clustered","3","0",,,"0","0.59635628","false","0","abe04cf2ada93c436aadc2621ac36cf0","1292","k__Fungi;p__Ascomycota;c__Sordariomycetes;o__Sordariales;f__Chaetomiaceae","0.33333333"
"139","5.59919028","0.0062539","0.17859725","0.0","0.999489497","2","8","false","Bacteria","5df7fe92c07542211019a1b1bf3cb1e3","4.0","Clustered","2","0",,,"0","0.54008097","false","0","5df7fe92c07542211019a1b1bf3cb1e3","572","k__Bacteria; p__Acidobacteria; c__Acidobacteria-6; o__iii1-15; f__mb2424; g__; s__","0.5"
"140","5.09716599","0.01398545","0.19618745","0.0","0.999688389","4","8","false","Bacteria","b1293893b9f536c4c05715b5306ba4b9","2.75","Clustered","4","0",,,"0","0.5902834","false","0","b1293893b9f536c4c05715b5306ba4b9","1346","k__Bacteria; p__Acidobacteria; c__Acidobacteria-6; o__iii1-15; f__mb2424; g__; s__","0.25"
"141","5.36842105","0.01320443","0.18627451","0.0","0.781045","3","8","false","Bacteria","4b385a07b708ce41b24f7c306f046346","3.0","Clustered","3","0",,,"0","0.56315789","false","0","4b385a07b708ce41b24f7c306f046346","1320","k__Bacteria; p__Proteobacteria; c__Alphaproteobacteria; o__Rhizobiales; f__Hyphomicrobiaceae; g__Rhodoplanes; s__","0.33333333"
"143","6.36437247","0.0","0.15712468","0.0","0.77226955","1","9","false","Bacteria","9ed267dd89a77d456888b1bf350329bb","3.0","Clustered","1","0",,,"0","0.46356275","false","0","9ed267dd89a77d456888b1bf350329bb","0","k__Bacteria; p__Proteobacteria; c__Alphaproteobacteria; o__Rhizobiales; f__Hyphomicrobiaceae; g__Rhodoplanes; s__","0.0"
"144","5.48582996","0.01077327","0.18228782","0.0","0.999999999","3","9","false","Bacteria","d9aec7fd401649fc65d7edc2f5540cf6","2.66666667","Clustered","3","0",,,"0","0.551417","false","0","d9aec7fd401649fc65d7edc2f5540cf6","1372","k__Bacteria; p__Nitrospirae; c__Nitrospira; o__Nitrospirales; f__0319-6A21; g__; s__","0.33333333"
"146","6.48178138","0.0","0.15427858","0.0","0.999999999","1","10","false","Bacteria","e8b80a5c29058e556abff99a942659d5","3.0","Clustered","1","0",,,"0","0.45182186","false","0","e8b80a5c29058e556abff99a942659d5","0","k__Bacteria; p__Nitrospirae; c__Nitrospira; o__Nitrospirales; f__0319-6A21; g__; s__","0.0"
"147","5.38866397","0.01050461","0.18557476","0.0","0.998597201","3","9","false","Bacteria","8ac5c07818a0f10e54acc8efca6b9ad4","3.0","Clustered","3","0",,,"0","0.5611336","false","0","8ac5c07818a0f10e54acc8efca6b9ad4","1222","k__Bacteria; p__Proteobacteria; c__Gammaproteobacteria; o__Thiotrichales; f__Piscirickettsiaceae; g__; s__","0.33333333"
"954","4.96356275","0.00860014","0.20146819","0.0","0.999995662","2","8","false","Fungi","bb01d42065abd587515b0162708bf98a","4.5","Clustered","2","0",,,"0","0.60364372","false","0","bb01d42065abd587515b0162708bf98a","1020","k__Fungi;p__Ascomycota;c__Sordariomycetes;o__Boliniales;f__Boliniales_fam_Incertae_sedis;g__Rhexoacrodictys;s__Rhexoacrodictys_erecta","0.5"
"856","4.65587045","0.03629411","0.21478261","0.0","0.999999851","4","8","false","Fungi","433cb6c360bb91685919d4ff640322cd","4.25","Clustered","4","0",,,"0","0.63441296","false","0","433cb6c360bb91685919d4ff640322cd","4124","k__Fungi;p__Ascomycota;c__Sordariomycetes;o__Hypocreales;f__Hypocreales_fam_Incertae_sedis;g__Acremonium;s__Acremonium_acutatum","0.25"
"1045","4.27530364","0.03946677","0.23390152","0.0","0.960892164","4","7","false","Fungi","5c89f609e10cdfc12d9b507bccac07b1","4.75","Clustered","4","0",,,"0","0.67246964","false","0","5c89f609e10cdfc12d9b507bccac07b1","4732","k__Fungi;p__Rozellomycota;c__unidentified;o__unidentified;f__unidentified;g__unidentified;s__unidentified","0.25"
"150","4.16194332","0.05084554","0.24027237","0.0","0.994825855","5","7","false","Bacteria","e0fb2ba73f3950427afa72947668c71e","4.8","Clustered","5","0",,,"0","0.68380567","false","0","e0fb2ba73f3950427afa72947668c71e","6596","k__Bacteria; p__Actinobacteria; c__Thermoleophilia; o__Solirubrobacterales; f__; g__; s__","0.21111111"
"151","5.06072874","0.01176806","0.1976","0.0","0.999975062","3","7","false","Bacteria","0ad1923764af1e7a083e0c6a7087ad65","2.33333333","Clustered","3","0",,,"0","0.59392713","false","0","0ad1923764af1e7a083e0c6a7087ad65","1268","k__Bacteria; p__Cyanobacteria; c__Nostocophycideae; o__Nostocales; f__Nostocaceae","0.33333333"
"157","4.5951417","0.03253393","0.21762115","0.0","0.999972883","6","7","false","Bacteria","29fed5df516c8cc02c8cd7a17704d5a2","2.83333333","Clustered","6","0",,,"0","0.64048583","false","0","29fed5df516c8cc02c8cd7a17704d5a2","3954","k__Bacteria; p__Proteobacteria; c__Betaproteobacteria; o__Ellin6067; f__; g__; s__","0.18333333"
"152","5.30364372","0.00405387","0.18854962","0.0","0.999976676","2","8","false","Bacteria","3ff96bf2e11d76b94130d7b02154805d","4.5","Clustered","2","0",,,"0","0.56963563","false","0","3ff96bf2e11d76b94130d7b02154805d","474","k__Bacteria; p__Proteobacteria; c__Betaproteobacteria; o__Ellin6067; f__; g__; s__","0.5"
"154","4.88259109","0.01784558","0.20480929","0.0","0.999995599","4","8","false","Bacteria","d4db81c6547027402dc5e1e643b220f3","3.25","Clustered","4","0",,,"0","0.61174089","false","0","d4db81c6547027402dc5e1e643b220f3","2142","k__Bacteria; p__Proteobacteria; c__Betaproteobacteria; o__MND1; f__; g__; s__","0.25"
"155","5.4291498","0.00306414","0.1841909","0.0","0.999995703","2","9","false","Bacteria","778a3a270e169fab15ed1a26d3280345","4.0","Clustered","2","0",,,"0","0.55708502","false","0","778a3a270e169fab15ed1a26d3280345","364","k__Bacteria; p__Proteobacteria; c__Betaproteobacteria; o__MND1; f__; g__; s__","0.5"
"878","5.04048583","0.01601342","0.19839357","0.0","0.999941128","4","9","false","Fungi","0a5062be882ceda47439aa22501d9408","3.0","Clustered","4","0",,,"0","0.59595142","false","0","0a5062be882ceda47439aa22501d9408","1770","k__Fungi;p__Ascomycota;c__Sordariomycetes;o__Sordariales;f__Chaetomiaceae;g__Dichotomopilus;s__Dichotomopilus_indicus","0.25"
"156","6.09311741","0.00118965","0.1641196","0.0","0.990182278","2","9","false","Bacteria","8c41d07c7442f8b99b84f3946d62dce9","2.5","Clustered","2","0",,,"0","0.49068826","false","0","8c41d07c7442f8b99b84f3946d62dce9","140","k__Bacteria; p__Proteobacteria; c__Alphaproteobacteria; o__Rhodospirillales; f__Rhodospirillaceae; g__; s__","0.5"
"158","5.91902834","0.0022844","0.16894665","0.0","0.992795577","2","9","false","Bacteria","d6c6a7a481a4bcb320f69f6627344e3a","3.0","Clustered","2","0",,,"0","0.50809717","false","0","d6c6a7a481a4bcb320f69f6627344e3a","274","k__Bacteria; p__Proteobacteria; c__Alphaproteobacteria; o__Rhodospirillales; f__Rhodospirillaceae; g__; s__","0.5"
"159","4.92712551","0.02718974","0.20295809","0.0","0.99996539","5","9","false","Bacteria","103b93132e9e80eda683f108041cedd5","3.0","Clustered","5","0",,,"0","0.60728745","false","0","103b93132e9e80eda683f108041cedd5","3206","k__Bacteria; p__Proteobacteria; c__Betaproteobacteria; o__Burkholderiales; f__Comamonadaceae","0.2"
"1046","5.27125506","0.01915276","0.18970814","0.0","0.999999866","4","8","false","Fungi","f914edec5acf3d2e115e2f8e8c0c43eb","2.75","Clustered","4","0",,,"0","0.57287449","false","0","f914edec5acf3d2e115e2f8e8c0c43eb","1882","k__Fungi;p__Ascomycota;c__Sordariomycetes;o__Sordariales;f__Chaetomiaceae;g__Mycothermus;s__Mycothermus_thermophilus","0.25"
"160","5.68825911","0.00428036","0.17580071","0.0","0.999999219","2","9","false","Bacteria","c90b5d56d4ff2ac6b42af33c4c848c0b","3.0","Clustered","2","0",,,"0","0.53117409","false","0","c90b5d56d4ff2ac6b42af33c4c848c0b","420","k__Bacteria; p__Proteobacteria; c__Gammaproteobacteria; o__Xanthomonadales; f__Sinobacteraceae; g__; s__","0.5"
"161","5.90283401","0.00284247","0.16941015","0.0","0.99999947","2","9","false","Bacteria","6b5d866db05ec229e1124c77d408926d","3.0","Clustered","2","0",,,"0","0.5097166","false","0","6b5d866db05ec229e1124c77d408926d","264","k__Bacteria; p__Proteobacteria; c__Gammaproteobacteria; o__Xanthomonadales; f__Sinobacteraceae; g__; s__","0.5"
"859","4.53441296","0.03968124","0.22053571","0.1","0.740969578","5","7","false","Fungi","8d571d47a349f3101f1ca596b385b11a","4.0","Clustered","5","0",,,"0","0.6465587","false","0","8d571d47a349f3101f1ca596b385b11a","4466","k__Fungi;p__Basidiomycota;c__Agaricomycetes;o__Agaricales;f__Psathyrellaceae;g__Psathyrella;s__Psathyrella_sacchariolens","0.22666667"
"851","5.6437247","0.00347956","0.17718795","0.0","0.896986729","2","9","false","Fungi","378b7df604d470bcb01e45f62ca645b5","3.5","Clustered","2","0",,,"0","0.53562753","false","0","378b7df604d470bcb01e45f62ca645b5","382","k__Fungi","0.5"
"163","5.72064777","0.00870426","0.17480538","0.0","0.999778095","3","8","false","Bacteria","8af2312c3c3f8b911d884d1aaeaeda24","3.0","Clustered","3","0",,,"0","0.52793522","false","0","8af2312c3c3f8b911d884d1aaeaeda24","1094","k__Bacteria; p__Proteobacteria; c__Alphaproteobacteria; o__Rhizobiales","0.4"
"165","5.11336032","0.0221917","0.19556611","0.0","0.999773376","4","8","false","Bacteria","743b8d235ac41c603b7bde91da7b9d7c","3.5","Clustered","4","0",,,"0","0.58866397","false","0","743b8d235ac41c603b7bde91da7b9d7c","2612","k__Bacteria; p__Proteobacteria; c__Alphaproteobacteria; o__Rhizobiales","0.27777778"
"1047","5.61538462","0.00980747","0.17808219","0.0","0.977957454","3","9","false","Fungi","efb1ca5fce5e1f1032c2cd96fe6dc238","3.0","Clustered","3","0",,,"0","0.53846154","false","0","efb1ca5fce5e1f1032c2cd96fe6dc238","1190","k__Fungi;p__Ascomycota;c__Eurotiomycetes;o__Chaetothyriales;f__Herpotrichiellaceae;g__Exophiala;s__unidentified","0.33333333"
"166","5.26720648","0.01240099","0.18985396","0.16666667","0.999999977","4","8","false","Bacteria","51c66524f80c72facce3ad05caf32c8b","3.25","Clustered","4","0",,,"0","0.57327935","false","0","51c66524f80c72facce3ad05caf32c8b","1568","k__Bacteria; p__Nitrospirae; c__Nitrospira; o__Nitrospirales; f__0319-6A21; g__; s__","0.30555556"
"167","5.15789474","0.01713592","0.19387755","0.0","0.999994073","3","8","false","Bacteria","101b05a3c78ff7040489bd8166f056e5","4.33333333","Clustered","3","0",,,"0","0.58421053","false","0","101b05a3c78ff7040489bd8166f056e5","2026","k__Bacteria; p__Proteobacteria; c__Betaproteobacteria; o__MND1; f__; g__; s__","0.33333333"
"210","5.29554656","0.01481566","0.18883792","0.16666667","0.999958568","4","9","false","Bacteria","461e7f5e649efb39835caeb97b7ca582","3.25","Clustered","4","0",,,"0","0.57044534","false","0","461e7f5e649efb39835caeb97b7ca582","1466","k__Bacteria; p__Proteobacteria; c__Betaproteobacteria; o__Burkholderiales; f__Comamonadaceae","0.30555556"
"170","5.32388664","0.01453561","0.1878327","0.16666667","0.99999413","4","9","false","Bacteria","6218f2c5a75bb8e64a245196c9f3bb17","3.5","Clustered","4","0",,,"0","0.56761134","false","0","6218f2c5a75bb8e64a245196c9f3bb17","1594","k__Bacteria; p__Proteobacteria; c__Betaproteobacteria; o__MND1; f__; g__; s__","0.3"
"864","5.14574899","0.00626734","0.19433517","0.0","0.999763395","2","8","false","Fungi","08a5bf9ecc4ef3c36f3676ad8d579535","4.0","Clustered","2","0",,,"0","0.5854251","false","0","08a5bf9ecc4ef3c36f3676ad8d579535","848","k__Fungi;p__Ascomycota;c__Sordariomycetes;o__Trichosphaeriales;f__Trichosphaeriaceae;g__Nigrospora;s__Nigrospora_oryzae","0.5"
"172","5.00404858","0.01519046","0.19983819","0.0","0.991508367","3","8","false","Bacteria","4c7b9df2d3f8d2b174457df047420340","3.66666667","Clustered","3","0",,,"0","0.59959514","false","0","4c7b9df2d3f8d2b174457df047420340","1914","k__Bacteria; p__Proteobacteria; c__Gammaproteobacteria; o__Thiotrichales; f__Piscirickettsiaceae; g__; s__","0.33333333"
"197","5.09311741","0.01534862","0.1963434","0.0","0.999706885","3","8","false","Bacteria","142848ac26b587c9416e719223724741","3.33333333","Clustered","3","0",,,"0","0.59068826","false","0","142848ac26b587c9416e719223724741","1864","k__Bacteria; p__Proteobacteria; c__Alphaproteobacteria; o__Rhizobiales","0.33333333"
"1048","4.48582996","0.03875757","0.22292419","0.0","0.96788794","4","7","false","Fungi","c2a64bc741f28dfa56d039275a597b87","4.75","Clustered","4","0",,,"0","0.651417","false","0","c2a64bc741f28dfa56d039275a597b87","4116","k__Fungi;p__Basidiomycota;c__Agaricomycetes;o__Agaricales;f__Stephanosporaceae;g__unidentified;s__unidentified","0.25"
"174","5.74898785","0.00316398","0.17394366","0.0","0.999149585","2","9","false","Bacteria","71a7756ec240c19e19c8ce5690b0622b","2.5","Clustered","2","0",,,"0","0.52510121","false","0","71a7756ec240c19e19c8ce5690b0622b","356","k__Bacteria; p__Proteobacteria; c__Gammaproteobacteria; o__Thiotrichales; f__Piscirickettsiaceae; g__; s__","0.5"
"175","5.33603239","0.00619122","0.18740516","0.0","0.997669229","2","8","false","Bacteria","34610bd03bc29ae3a93e9a276cdf7181","3.0","Clustered","2","0",,,"0","0.56639676","false","0","34610bd03bc29ae3a93e9a276cdf7181","606","k__Bacteria; p__Proteobacteria; c__Gammaproteobacteria; o__Thiotrichales; f__Piscirickettsiaceae; g__; s__","0.5"
"881","5.00809717","0.02901469","0.19967664","0.0","0.768181022","4","8","false","Fungi","b4fac27b1d9dada2be952f133829afd0","3.75","Clustered","4","0",,,"0","0.59919028","false","0","b4fac27b1d9dada2be952f133829afd0","3150","k__Fungi;p__Ascomycota;c__Sordariomycetes;o__Hypocreales;f__Hypocreales_fam_Incertae_sedis;g__Acremonium;s__Acremonium_dichromosporum","0.25"
"176","6.37651822","5.2714E-4","0.1568254","0.0","0.77352757","2","10","false","Bacteria","5cba21f76a2570a5f875d5a39cf66c86","2.5","Clustered","2","0",,,"0","0.46234818","false","0","5cba21f76a2570a5f875d5a39cf66c86","60","k__Bacteria; p__Actinobacteria; c__Actinobacteria; o__Actinomycetales; f__Thermomonosporaceae; g__Actinomadura; s__nitritigenes","0.5"
"177","5.951417","0.00324217","0.16802721","0.0","0.751542137","2","9","false","Bacteria","4116ccf274b0e0e0c50b21cbb9262c52","3.0","Clustered","2","0",,,"0","0.5048583","false","0","4116ccf274b0e0e0c50b21cbb9262c52","338","k__Bacteria; p__Actinobacteria; c__Actinobacteria; o__Actinomycetales; f__Thermomonosporaceae; g__Actinomadura; s__nitritigenes","0.5"
"1049","5.90688259","0.01616142","0.16929404","0.0","0.916133383","3","9","false","Fungi","8155bbee45e42a0895c28b6afa5d01e9","2.0","Clustered","3","0",,,"0","0.50931174","false","0","8155bbee45e42a0895c28b6afa5d01e9","1650","k__Fungi;p__Ascomycota;c__Sordariomycetes","0.33333333"
"180","4.92307692","0.01117111","0.203125","0.33333333","0.993265035","3","8","false","Bacteria","f3a50d55b1d391f8bdb3b329c2f5e6ff","4.0","Clustered","3","0",,,"0","0.60769231","false","0","f3a50d55b1d391f8bdb3b329c2f5e6ff","1500","k__Bacteria; p__Actinobacteria; c__Thermoleophilia; o__Solirubrobacterales; f__; g__; s__","0.40740741"
"181","4.52226721","0.03489464","0.22112802","0.0","0.999999415","4","7","false","Bacteria","13f9b11b7ee7a08b4d1c28b7475d978a","4.0","Clustered","4","0",,,"0","0.64777328","false","0","13f9b11b7ee7a08b4d1c28b7475d978a","3964","k__Bacteria; p__Proteobacteria; c__Betaproteobacteria; o__MND1; f__; g__; s__","0.25"
"182","4.92712551","0.0319208","0.20295809","0.16666667","0.995107758","4","8","false","Bacteria","9d2e9be9d69dc7205192869ad0117423","3.5","Clustered","4","0",,,"0","0.60728745","false","0","9d2e9be9d69dc7205192869ad0117423","3378","k__Bacteria; p__Actinobacteria; c__Thermoleophilia; o__Solirubrobacterales; f__; g__; s__","0.3"
"184","5.56275304","0.0047743","0.1797671","0.0","0.999280553","2","9","false","Bacteria","ac4f244aaddc47599a000dd2a38efe2c","3.0","Clustered","2","0",,,"0","0.5437247","false","0","ac4f244aaddc47599a000dd2a38efe2c","536","k__Bacteria; p__Acidobacteria; c__Acidobacteria-6; o__iii1-15; f__mb2424; g__; s__","0.5"
"186","4.69230769","0.02482594","0.21311475","0.0","0.999802563","4","8","false","Bacteria","07b4d679c6e07ee7e0339e06402725b8","3.75","Clustered","4","0",,,"0","0.63076923","false","0","07b4d679c6e07ee7e0339e06402725b8","2964","k__Bacteria; p__Proteobacteria; c__Gammaproteobacteria; o__Xanthomonadales; f__Sinobacteraceae; g__Steroidobacter; s__","0.25"
"187","4.64777328","0.03747421","0.21515679","0.0","0.847815478","6","8","false","Bacteria","0a3ba60be50ed540a3b083c436b2b389","3.0","Clustered","6","0",,,"0","0.63522267","false","0","0a3ba60be50ed540a3b083c436b2b389","4260","k__Bacteria; p__Gemmatimonadetes; c__Gemmatimonadetes; o__; f__; g__; s__","0.16666667"
"188","5.00809717","0.01460951","0.19967664","0.0","0.843308933","3","8","false","Bacteria","d1893c4e373cc371e10ae3c37f05cfe6","4.0","Clustered","3","0",,,"0","0.59919028","false","0","d1893c4e373cc371e10ae3c37f05cfe6","1676","k__Bacteria; p__Gemmatimonadetes; c__Gemmatimonadetes; o__; f__; g__; s__","0.33333333"
"189","5.45748988","4.005E-4","0.18323442","0.0","0.999971018","2","8","false","Bacteria","add01a8d7e433235adc9b79e70005c0c","3.0","Clustered","2","0",,,"0","0.55425101","false","0","add01a8d7e433235adc9b79e70005c0c","72","k__Bacteria; p__Cyanobacteria; c__Nostocophycideae; o__Nostocales; f__Nostocaceae","0.5"
"190","4.81781377","0.00857085","0.20756303","0.0","0.99997054","3","8","false","Bacteria","580a6be2820ebbcd809ac62479fa7f10","3.33333333","Clustered","3","0",,,"0","0.61821862","false","0","580a6be2820ebbcd809ac62479fa7f10","1280","k__Bacteria; p__Cyanobacteria; c__Nostocophycideae; o__Nostocales; f__Nostocaceae","0.33333333"
"1050","4.84210526","0.03294815","0.20652174","0.0","0.94922097","4","7","false","Fungi","b4a3a693750d6b38d9269b5e6931bf38","3.5","Clustered","4","0",,,"0","0.61578947","false","0","b4a3a693750d6b38d9269b5e6931bf38","3700","k__Fungi;p__Ascomycota;c__Sordariomycetes;o__Sordariales;f__Lasiosphaeriaceae;g__Schizothecium","0.25"
"191","5.11740891","0.01223623","0.19541139","0.0","0.999998902","3","8","false","Bacteria","5871d0a90a0c065777f683353db040ea","3.0","Clustered","3","0",,,"0","0.58825911","false","0","5871d0a90a0c065777f683353db040ea","1422","k__Bacteria; p__Proteobacteria; c__Betaproteobacteria; o__MND1; f__; g__; s__","0.33333333"
"192","5.39271255","0.00596611","0.18543544","0.0","0.999999026","2","8","false","Bacteria","c1eb65565257255bb1e0b72a4eb53653","3.5","Clustered","2","0",,,"0","0.56072874","false","0","c1eb65565257255bb1e0b72a4eb53653","624","k__Bacteria; p__Proteobacteria; c__Betaproteobacteria; o__MND1; f__; g__; s__","0.5"
"1051","4.40080972","0.04045162","0.22723091","0.0","0.910091807","5","8","false","Fungi","70a73c7c25ec580f1bf10f28c9e83915","4.6","Clustered","5","0",,,"0","0.65991903","false","0","70a73c7c25ec580f1bf10f28c9e83915","4944","k__Fungi;p__Ascomycota;c__Dothideomycetes;o__Capnodiales;f__Cladosporiaceae;g__Cladosporium;s__Cladosporium_halotolerans","0.2"
"1052","4.94331984","0.03950876","0.2022932","0.0","0.999707351","5","8","false","Fungi","d3a9929b7f662c543c842fe1d62d4144","3.6","Clustered","5","0",,,"0","0.60566802","false","0","d3a9929b7f662c543c842fe1d62d4144","4400","k__Fungi;p__Ascomycota;c__Sordariomycetes;o__Hypocreales;f__Nectriaceae;g__Cylindrocarpon;s__unidentified","0.2"
"194","4.91902834","0.0097327","0.20329218","0.0","0.999970823","3","8","false","Bacteria","f38c386d39d01853fb1204ee83fb1153","4.66666667","Clustered","3","0",,,"0","0.60809717","false","0","f38c386d39d01853fb1204ee83fb1153","1150","k__Bacteria; p__Cyanobacteria; c__Nostocophycideae; o__Nostocales; f__Nostocaceae","0.33333333"
"195","4.87044534","0.02163871","0.20532003","0.16666667","0.99372672","4","8","false","Bacteria","9a9a17db275ad1a81b167fb73133ca33","4.0","Clustered","4","0",,,"0","0.61295547","false","0","9a9a17db275ad1a81b167fb73133ca33","2360","k__Bacteria; p__Actinobacteria; c__Thermoleophilia; o__Solirubrobacterales; f__; g__; s__","0.29166667"
"196","5.24291498","0.0040007","0.19073359","0.0","0.999994681","2","9","false","Bacteria","febf1d84f95da418efc85744696182c4","5.5","Clustered","2","0",,,"0","0.5757085","false","0","febf1d84f95da418efc85744696182c4","638","k__Bacteria; p__Actinobacteria; c__MB-A2-108; o__0319-7L14; f__; g__; s__","0.5"
"957","5.1659919","0.01409386","0.19357367","0.0","0.83446072","4","8","false","Fungi","eabca7f74185ffe64a86e6ff2688dcfc","3.0","Clustered","4","0",,,"0","0.58340081","false","0","eabca7f74185ffe64a86e6ff2688dcfc","1962","k__Fungi;p__Ascomycota;c__Dothideomycetes;o__Pleosporales;f__Periconiaceae;g__Periconia;s__Periconia_macrospinosa","0.28571429"
"198","5.37246964","0.01248087","0.18613414","0.0","0.999967467","4","9","false","Bacteria","03fc505868cc6d769bac45fc52e3aa12","3.25","Clustered","4","0",,,"0","0.56275304","false","0","03fc505868cc6d769bac45fc52e3aa12","1816","k__Bacteria; p__Proteobacteria; c__Gammaproteobacteria; o__Xanthomonadales; f__Sinobacteraceae; g__Steroidobacter; s__","0.32142857"
"199","5.34412955","0.00522168","0.18712121","0.0","0.999999465","2","8","false","Bacteria","1680d1d6fadb9f3b681145a0ff19d692","3.5","Clustered","2","0",,,"0","0.56558704","false","0","1680d1d6fadb9f3b681145a0ff19d692","664","k__Bacteria; p__Proteobacteria; c__Betaproteobacteria; o__MND1; f__; g__; s__","0.5"
"201","5.5708502","0.00542932","0.17950581","0.0","0.999999633","3","9","false","Bacteria","86c20e824bc6aa55f399e59286957cba","3.33333333","Clustered","3","0",,,"0","0.54291498","false","0","86c20e824bc6aa55f399e59286957cba","790","k__Bacteria; p__Proteobacteria; c__Betaproteobacteria; o__MND1; f__; g__; s__","0.38888889"
"866","4.1417004","0.03908213","0.24144673","0.1","0.995214513","5","7","false","Fungi","9ceadad06d75e147e2d53f0c8db638de","5.6","Clustered","5","0",,,"0","0.68582996","false","0","9ceadad06d75e147e2d53f0c8db638de","5470","k__Fungi;p__Basidiomycota;c__Agaricomycetes;o__Auriculariales","0.22727273"
"850","3.8097166","0.11364531","0.26248672","0.08333333","0.852692951","9","7","false","Fungi","8d7905c6b16a8d64e4b04aa8c3eb7699","4.66666667","Clustered","9","0",,,"0","0.71902834","false","0","8d7905c6b16a8d64e4b04aa8c3eb7699","13588","k__Fungi;p__Ascomycota;c__Dothideomycetes;o__Botryosphaeriales;f__Botryosphaeriaceae;g__Lasiodiplodia;s__Lasiodiplodia_lignicola","0.14074074"
"867","4.22672065","0.04702422","0.23659004","0.1","0.839412452","5","7","false","Fungi","4a583adb7f73aee01cef4bf8cb6f153b","5.0","Clustered","5","0",,,"0","0.67732794","false","0","4a583adb7f73aee01cef4bf8cb6f153b","6908","k__Fungi;p__Basidiomycota;c__Agaricomycetes;o__Trechisporales;f__Hydnodontaceae;g__Trechispora;s__unidentified","0.24444444"
"202","4.19838057","0.01805263","0.23818708","0.33333333","0.999996626","4","7","false","Bacteria","da9e6a2b670b12f57a626d2f3383cad0","5.75","Clustered","4","0",,,"0","0.68016194","false","0","da9e6a2b670b12f57a626d2f3383cad0","2910","k__Bacteria; p__Cyanobacteria; c__Nostocophycideae; o__Nostocales; f__Nostocaceae","0.30555556"
"203","4.37651822","0.02456468","0.22849214","0.0","0.999974043","5","8","false","Bacteria","41f1529d49318279a172d84038b79ee4","4.2","Clustered","5","0",,,"0","0.66234818","false","0","41f1529d49318279a172d84038b79ee4","3752","k__Bacteria; p__Cyanobacteria; c__Nostocophycideae; o__Nostocales; f__Nostocaceae","0.21333333"
"204","3.97165992","0.06768107","0.25178389","0.0","0.999778436","7","7","false","Bacteria","520a0880d9a3cc641e11f19cb7f9569e","4.42857143","Clustered","7","0",,,"0","0.70283401","false","0","520a0880d9a3cc641e11f19cb7f9569e","8494","k__Bacteria; p__Proteobacteria; c__Gammaproteobacteria; o__Xanthomonadales; f__Sinobacteraceae; g__Steroidobacter; s__","0.14906832"
"149","4.29149798","0.02138923","0.23301887","0.1","0.999996311","5","7","false","Bacteria","fd2864f197dd32a87787899a3638b4c5","4.2","Clustered","5","0",,,"0","0.6708502","false","0","fd2864f197dd32a87787899a3638b4c5","3486","k__Bacteria; p__Cyanobacteria; c__Nostocophycideae; o__Nostocales; f__Nostocaceae","0.25714286"
"205","3.86639676","0.05707872","0.25863874","0.14285714","0.999996353","7","7","false","Bacteria","046267ecb78d2a683bf5e873e78cca0b","5.71428571","Clustered","7","0",,,"0","0.71336032","false","0","046267ecb78d2a683bf5e873e78cca0b","8568","k__Bacteria; p__Cyanobacteria; c__Nostocophycideae; o__Nostocales; f__Nostocaceae","0.18095238"
"206","5.55870445","0.00290822","0.17989803","0.0","0.995422738","2","10","false","Bacteria","48ee0fa16be9185e944e1f1d48930ab9","4.0","Clustered","2","0",,,"0","0.54412955","false","0","48ee0fa16be9185e944e1f1d48930ab9","290","k__Bacteria; p__Proteobacteria; c__Deltaproteobacteria; o__Myxococcales; f__; g__; s__","0.5"
"207","5.32388664","0.01391319","0.1878327","0.0","0.993456835","3","9","false","Bacteria","019358e00e8797ec4398d30778eaeb3d","3.0","Clustered","3","0",,,"0","0.56761134","false","0","019358e00e8797ec4398d30778eaeb3d","1326","k__Bacteria; p__Proteobacteria; c__Deltaproteobacteria; o__Myxococcales; f__; g__; s__","0.33333333"
"208","4.66801619","0.04891997","0.21422376","0.0","0.999443043","6","8","false","Bacteria","90e9b1cfdc7902d564410d357be24bb8","3.66666667","Clustered","6","0",,,"0","0.63319838","false","0","90e9b1cfdc7902d564410d357be24bb8","5632","k__Bacteria; p__Acidobacteria; c__Acidobacteria-6; o__iii1-15; f__mb2424; g__; s__","0.16666667"
"209","5.22267206","0.01382177","0.19147287","0.0","0.996763816","3","9","false","Bacteria","c0a620bb8227a480cf013d72a49357fd","3.66666667","Clustered","3","0",,,"0","0.57773279","false","0","c0a620bb8227a480cf013d72a49357fd","1366","k__Bacteria; p__Proteobacteria; c__Deltaproteobacteria; o__Myxococcales; f__; g__; s__","0.33333333"
"1053","5.09311741","0.01839059","0.1963434","0.0","0.997828304","3","9","false","Fungi","6cfed8d54139dd5175d44292d88884ef","4.33333333","Clustered","3","0",,,"0","0.59068826","false","0","6cfed8d54139dd5175d44292d88884ef","1872","k__Fungi;p__Ascomycota;c__Sordariomycetes;o__Hypocreales;f__Hypocreales_fam_Incertae_sedis;g__Acremonium;s__Acremonium_alcalophilum","0.33333333"
"857","5.08502024","0.01902935","0.19665605","0.16666667","0.999999691","4","9","false","Fungi","8ee56c2b64b4ed8fef5bea9092b14265","3.5","Clustered","4","0",,,"0","0.59149798","false","0","8ee56c2b64b4ed8fef5bea9092b14265","1920","k__Fungi;p__Basidiomycota;c__Geminibasidiomycetes;o__Geminibasidiales;f__Geminibasidiaceae;g__Geminibasidium;s__unidentified","0.3"
"211","6.53036437","0.0","0.15313081","0.0","0.999802474","1","10","false","Bacteria","bc8cfff72fb12a887269b007c4870354","3.0","Clustered","1","0",,,"0","0.44696356","false","0","bc8cfff72fb12a887269b007c4870354","0","k__Bacteria; p__Proteobacteria; c__Gammaproteobacteria; o__Xanthomonadales; f__Sinobacteraceae; g__Steroidobacter; s__","0.0"
"212","5.53441296","0.01107679","0.18068764","0.0","0.999710246","3","9","false","Bacteria","2ea8f9c03f889c272a10dacbc49c23a6","2.66666667","Clustered","3","0",,,"0","0.5465587","false","0","2ea8f9c03f889c272a10dacbc49c23a6","1130","k__Bacteria; p__Proteobacteria; c__Gammaproteobacteria; o__Xanthomonadales; f__Sinobacteraceae; g__Steroidobacter; s__","0.33333333"
