SampleID,repeat,BarcodeSequence,LinkerPrimerSequence,PrimerNumber,PotNumber,Experiment,Gene,TimePoint,Soil,Treatment,Group,Description
2.D.2,2.D.2,GTCTCGTACAGTGAGT,NA,220,2,Radish,ITS,1,Oxixols,Compost,Compost,Crop 1_ITS
2.D.4,2.D.4,CTCGTCGACAGTGAGT,NA,222,5,Radish,ITS,1,Oxixols,Control,Other,Crop 1_ITS
2.D.5,2.D.5,ACACGATCCAGTGAGT,NA,223,7,Radish,ITS,1,Oxixols,Urea,Other,Crop 1_ITS
2.E.3,2.E.3,GTGACTCTCGTACTCA,NA,227,12,Radish,ITS,1,Oxixols,Control,Other,Crop 1_ITS
2.E.4,2.E.4,GTCTCGTACGTACTCA,NA,228,13,Radish,ITS,1,Oxixols,Urea,Other,Crop 1_ITS
2.E.6,2.E.6,CTCGTCGACGTACTCA,NA,230,16,Radish,ITS,1,Oxixols,Compost,Compost,Crop 1_ITS
2.F.2,2.F.2,TATCTGACCGTACTCA,NA,232,21,Radish,ITS,1,Oxixols,Compost,Compost,Crop 1_ITS
2.F.5,2.F.5,GTGACTCTCTACGCAG,NA,235,25,Radish,ITS,1,Oxixols,Urea,Other,Crop 1_ITS
2.F.6,2.F.6,GTCTCGTACTACGCAG,NA,236,26,Radish,ITS,1,Oxixols,Control,Other,Crop 1_ITS
